"steps","plot"
7,"Amniota"
3,"Amniota"
11,"Amniota"
15,"Amniota"
2,"Amniota"
8,"Amniota"
5,"Amniota"
7,"Amniota"
2,"Amniota"
15,"Amniota"
4,"Amniota"
1,"Amniota"
6,"Amniota"
3,"Amniota"
3,"Amniota"
12,"Amniota"
11,"Amniota"
2,"Amniota"
3,"Amniota"
5,"Amniota"
4,"Amniota"
2,"Amniota"
10,"Amniota"
7,"Amniota"
8,"Amniota"
1,"Amniota"
6,"Amniota"
4,"Amniota"
4,"Amniota"
2,"Amniota"
2,"Amniota"
4,"Amniota"
4,"Amniota"
13,"Amniota"
4,"Amniota"
2,"Amniota"
2,"Amniota"
3,"Amniota"
4,"Amniota"
6,"Amniota"
3,"Amniota"
7,"Amniota"
5,"Amniota"
2,"Amniota"
1,"Amniota"
7,"Amniota"
1,"Amniota"
1,"Amniota"
3,"Amniota"
2,"Amniota"
9,"Amniota"
7,"Amniota"
4,"Amniota"
8,"Amniota"
12,"Amniota"
12,"Amniota"
2,"Amniota"
4,"Amniota"
4,"Amniota"
3,"Amniota"
6,"Amniota"
3,"Amniota"
7,"Amniota"
5,"Amniota"
4,"Amniota"
8,"Amniota"
2,"Amniota"
1,"Amniota"
5,"Amniota"
1,"Amniota"
7,"Amniota"
4,"Amniota"
8,"Amniota"
9,"Amniota"
5,"Amniota"
5,"Amniota"
3,"Amniota"
6,"Amniota"
5,"Amniota"
1,"Amniota"
1,"Amniota"
4,"Amniota"
4,"Amniota"
1,"Amniota"
6,"Amniota"
1,"Amniota"
6,"Amniota"
2,"Amniota"
3,"Amniota"
12,"Amniota"
3,"Amniota"
5,"Amniota"
3,"Amniota"
5,"Amniota"
9,"Amniota"
1,"Amniota"
1,"Amniota"
1,"Amniota"
5,"Amniota"
5,"Amniota"
2,"Amniota"
8,"Amniota"
8,"Amniota"
1,"Amniota"
2,"Amniota"
3,"Amniota"
2,"Amniota"
4,"Amniota"
4,"Amniota"
1,"Amniota"
5,"Amniota"
6,"Amniota"
3,"Amniota"
4,"Amniota"
1,"Amniota"
2,"Amniota"
2,"Amniota"
5,"Amniota"
8,"Amniota"
2,"Amniota"
1,"Amniota"
6,"Amniota"
7,"Amniota"
8,"Amniota"
5,"Amniota"
2,"Amniota"
5,"Amniota"
5,"Amniota"
1,"Amniota"
3,"Amniota"
2,"Amniota"
5,"Amniota"
3,"Amniota"
6,"Amniota"
5,"Amniota"
5,"Amniota"
6,"Amniota"
6,"Amniota"
5,"Amniota"
4,"Amniota"
2,"Amniota"
3,"Amniota"
4,"Amniota"
4,"Amniota"
4,"Amniota"
9,"Amniota"
8,"Amniota"
5,"Amniota"
6,"Amniota"
3,"Amniota"
6,"Amniota"
7,"Amniota"
2,"Amniota"
4,"Amniota"
11,"Amniota"
1,"Amniota"
2,"Amniota"
4,"Amniota"
4,"Amniota"
4,"Amniota"
1,"Amniota"
1,"Amniota"
2,"Amniota"
9,"Amniota"
3,"Amniota"
2,"Amniota"
1,"Amniota"
4,"Amniota"
5,"Amniota"
1,"Amniota"
3,"Amniota"
11,"Amniota"
2,"Amniota"
11,"Amniota"
7,"Amniota"
1,"Amniota"
1,"Amniota"
5,"Amniota"
4,"Amniota"
5,"Amniota"
5,"Amniota"
2,"Amniota"
3,"Amniota"
6,"Amniota"
1,"Amniota"
6,"Amniota"
5,"Amniota"
5,"Amniota"
8,"Amniota"
9,"Amniota"
4,"Amniota"
2,"Amniota"
3,"Amniota"
5,"Amniota"
1,"Amniota"
3,"Amniota"
3,"Amniota"
2,"Amniota"
2,"Amniota"
1,"Amniota"
5,"Amniota"
2,"Amniota"
2,"Amniota"
6,"Amniota"
2,"Amniota"
2,"Amniota"
6,"Amniota"
6,"Amniota"
6,"Amniota"
6,"Amniota"
5,"Amniota"
3,"Amniota"
2,"Amniota"
2,"Amniota"
6,"Amniota"
4,"Amniota"
6,"Amniota"
1,"Amniota"
3,"Amniota"
7,"Amniota"
8,"Amniota"
4,"Amniota"
2,"Amniota"
6,"Amniota"
4,"Amniota"
8,"Amniota"
3,"Amniota"
5,"Amniota"
1,"Amniota"
7,"Amniota"
10,"Amniota"
6,"Amniota"
3,"Amniota"
3,"Amniota"
7,"Amniota"
6,"Amniota"
5,"Amniota"
1,"Coccomorpha"
8,"Coccomorpha"
11,"Coccomorpha"
3,"Coccomorpha"
12,"Coccomorpha"
7,"Coccomorpha"
6,"Coccomorpha"
1,"Coccomorpha"
6,"Coccomorpha"
8,"Coccomorpha"
1,"Coccomorpha"
7,"Coccomorpha"
1,"Coccomorpha"
1,"Coccomorpha"
22,"Coccomorpha"
17,"Coccomorpha"
1,"Coccomorpha"
1,"Coccomorpha"
6,"Coccomorpha"
13,"Coccomorpha"
10,"Coccomorpha"
2,"Coccomorpha"
9,"Coccomorpha"
6,"Coccomorpha"
16,"Coccomorpha"
13,"Coccomorpha"
21,"Coccomorpha"
1,"Coccomorpha"
12,"Coccomorpha"
6,"Coccomorpha"
17,"Coccomorpha"
3,"Coccomorpha"
8,"Coccomorpha"
9,"Coccomorpha"
3,"Coccomorpha"
1,"Coccomorpha"
12,"Coccomorpha"
5,"Coccomorpha"
5,"Coccomorpha"
1,"Coccomorpha"
11,"Coccomorpha"
15,"Coccomorpha"
9,"Coccomorpha"
9,"Coccomorpha"
4,"Coccomorpha"
15,"Coccomorpha"
4,"Coccomorpha"
7,"Coccomorpha"
6,"Coccomorpha"
11,"Coccomorpha"
16,"Coccomorpha"
11,"Coccomorpha"
8,"Coccomorpha"
4,"Coccomorpha"
8,"Coccomorpha"
4,"Coccomorpha"
6,"Coccomorpha"
4,"Coccomorpha"
2,"Coccomorpha"
13,"Coccomorpha"
9,"Coccomorpha"
1,"Coccomorpha"
4,"Coccomorpha"
2,"Coccomorpha"
2,"Coccomorpha"
2,"Coccomorpha"
6,"Coccomorpha"
2,"Coccomorpha"
2,"Coccomorpha"
6,"Coccomorpha"
8,"Coccomorpha"
9,"Coccomorpha"
15,"Coccomorpha"
14,"Coccomorpha"
6,"Coccomorpha"
3,"Coccomorpha"
4,"Coccomorpha"
2,"Coccomorpha"
8,"Coccomorpha"
13,"Coccomorpha"
8,"Coccomorpha"
2,"Coccomorpha"
2,"Coccomorpha"
11,"Crocodylia"
14,"Crocodylia"
2,"Crocodylia"
4,"Crocodylia"
7,"Crocodylia"
2,"Crocodylia"
9,"Crocodylia"
5,"Crocodylia"
14,"Crocodylia"
4,"Crocodylia"
9,"Crocodylia"
2,"Crocodylia"
3,"Crocodylia"
12,"Crocodylia"
3,"Crocodylia"
5,"Crocodylia"
4,"Crocodylia"
3,"Crocodylia"
5,"Crocodylia"
1,"Crocodylia"
2,"Crocodylia"
3,"Crocodylia"
1,"Crocodylia"
13,"Crocodylia"
2,"Crocodylia"
4,"Crocodylia"
3,"Crocodylia"
4,"Crocodylia"
1,"Crocodylia"
3,"Crocodylia"
2,"Crocodylia"
3,"Crocodylia"
3,"Crocodylia"
12,"Crocodylia"
9,"Crocodylia"
7,"Crocodylia"
5,"Crocodylia"
12,"Crocodylia"
1,"Crocodylia"
5,"Crocodylia"
8,"Crocodylia"
9,"Crocodylia"
7,"Crocodylia"
5,"Crocodylia"
5,"Crocodylia"
25,"Crocodylia"
2,"Crocodylia"
3,"Crocodylia"
2,"Crocodylia"
1,"Crocodylia"
5,"Crocodylia"
2,"Crocodylia"
7,"Crocodylia"
5,"Crocodylia"
6,"Crocodylia"
2,"Crocodylia"
2,"Crocodylia"
3,"Crocodylia"
10,"Crocodylia"
7,"Crocodylia"
3,"Crocodylia"
6,"Crocodylia"
3,"Crocodylia"
1,"Crocodylia"
7,"Crocodylia"
4,"Crocodylia"
7,"Crocodylia"
6,"Crocodylia"
1,"Crocodylia"
4,"Crocodylia"
13,"Crocodylia"
1,"Crocodylia"
7,"Crocodylia"
5,"Crocodylia"
4,"Crocodylia"
3,"Crocodylia"
3,"Crocodylia"
2,"Crocodylia"
6,"Crocodylia"
6,"Crocodylia"
5,"Crocodylia"
6,"Crocodylia"
4,"Crocodylia"
2,"Crocodylia"
2,"Crocodylia"
1,"Crocodylia"
5,"Crocodylia"
4,"Crocodylia"
1,"Crocodylia"
7,"Crocodylia"
3,"Crocodylia"
1,"Crocodylia"
3,"Crocodylia"
6,"Crocodylia"
1,"Crocodylia"
1,"Crocodylia"
5,"Crocodylia"
9,"Crocodylia"
5,"Crocodylia"
4,"Crocodylia"
7,"Crocodylia"
8,"Crocodylia"
1,"Crocodylia"
10,"Crocodylia"
12,"Crocodylia"
5,"Crocodylia"
6,"Crocodylia"
6,"Crocodylia"
4,"Crocodylia"
9,"Crocodylia"
1,"Crocodylia"
2,"Crocodylia"
3,"Crocodylia"
2,"Crocodylia"
3,"Crocodylia"
2,"Crocodylia"
4,"Crocodylia"
1,"Crocodylia"
1,"Crocodylia"
3,"Crocodylia"
1,"Crocodylia"
7,"Crocodylia"
4,"Crocodylia"
7,"Crocodylia"
4,"Crocodylia"
3,"Crocodylia"
5,"Crocodylia"
8,"Crocodylia"
2,"Crocodylia"
6,"Crocodylia"
9,"Crocodylia"
3,"Crocodylia"
4,"Crocodylia"
8,"Crocodylia"
1,"Crocodylia"
3,"Crocodylia"
1,"Crocodylia"
4,"Crocodylia"
2,"Crocodylia"
1,"Crocodylia"
7,"Crocodylia"
2,"Crocodylia"
2,"Crocodylia"
4,"Crocodylia"
4,"Crocodylia"
6,"Crocodylia"
2,"Crocodylia"
2,"Crocodylia"
4,"Crocodylia"
8,"Crocodylia"
7,"Crocodylia"
10,"Crocodylia"
2,"Crocodylia"
7,"Crocodylia"
12,"Crocodylia"
2,"Crocodylia"
3,"Crocodylia"
5,"Crocodylia"
2,"Crocodylia"
12,"Crocodylia"
11,"Crocodylia"
2,"Crocodylia"
1,"Crocodylia"
3,"Crocodylia"
3,"Crocodylia"
7,"Crocodylia"
3,"Crocodylia"
1,"Crocodylia"
11,"Crocodylia"
5,"Crocodylia"
8,"Crocodylia"
6,"Crocodylia"
4,"Crocodylia"
7,"Crocodylia"
7,"Crocodylia"
3,"Crocodylia"
2,"Crocodylia"
3,"Crocodylia"
3,"Crocodylia"
7,"Crocodylia"
3,"Crocodylia"
1,"Crocodylia"
2,"Crocodylia"
2,"Crocodylia"
3,"Crocodylia"
2,"Crocodylia"
1,"Crocodylia"
8,"Crocodylia"
6,"Crocodylia"
3,"Crocodylia"
2,"Crocodylia"
4,"Crocodylia"
2,"Crocodylia"
4,"Crocodylia"
1,"Crocodylia"
2,"Crocodylia"
3,"Crocodylia"
5,"Crocodylia"
7,"Crocodylia"
4,"Crocodylia"
1,"Crocodylia"
1,"Crocodylia"
1,"Crocodylia"
1,"Crocodylia"
1,"Crocodylia"
5,"Crocodylia"
6,"Echinoidea"
1,"Echinoidea"
1,"Echinoidea"
2,"Echinoidea"
3,"Echinoidea"
2,"Echinoidea"
1,"Echinoidea"
1,"Echinoidea"
1,"Echinoidea"
5,"Echinoidea"
1,"Echinoidea"
2,"Echinoidea"
1,"Echinoidea"
1,"Echinoidea"
1,"Echinoidea"
1,"Echinoidea"
4,"Echinoidea"
1,"Echinoidea"
6,"Echinoidea"
8,"Echinoidea"
2,"Echinoidea"
6,"Echinoidea"
3,"Echinoidea"
2,"Echinoidea"
4,"Echinoidea"
5,"Echinoidea"
2,"Echinoidea"
1,"Echinoidea"
3,"Echinoidea"
2,"Echinoidea"
6,"Echinoidea"
6,"Echinoidea"
9,"Echinoidea"
3,"Echinoidea"
8,"Echinoidea"
1,"Echinoidea"
7,"Echinoidea"
16,"Echinoidea"
12,"Echinoidea"
2,"Echinoidea"
2,"Echinoidea"
2,"Echinoidea"
1,"Echinoidea"
2,"Echinoidea"
14,"Echinoidea"
1,"Echinoidea"
2,"Echinoidea"
1,"Echinoidea"
3,"Echinoidea"
3,"Echinoidea"
1,"Echinoidea"
4,"Echinoidea"
2,"Echinoidea"
4,"Echinoidea"
2,"Echinoidea"
2,"Echinoidea"
1,"Echinoidea"
3,"Echinoidea"
3,"Echinoidea"
1,"Echinoidea"
5,"Echinoidea"
6,"Echinoidea"
1,"Echinoidea"
2,"Echinoidea"
1,"Echinoidea"
1,"Echinoidea"
8,"Echinoidea"
2,"Echinoidea"
6,"Echinoidea"
1,"Echinoidea"
2,"Echinoidea"
4,"Echinoidea"
1,"Echinoidea"
1,"Echinoidea"
2,"Echinoidea"
3,"Echinoidea"
3,"Echinoidea"
6,"Echinoidea"
3,"Echinoidea"
4,"Echinoidea"
1,"Echinoidea"
13,"Echinoidea"
11,"Echinoidea"
2,"Echinoidea"
7,"Echinoidea"
6,"Echinoidea"
6,"Echinoidea"
3,"Echinoidea"
2,"Echinoidea"
1,"Echinoidea"
1,"Echinoidea"
1,"Echinoidea"
1,"Echinoidea"
3,"Echinoidea"
1,"Echinoidea"
4,"Echinoidea"
2,"Echinoidea"
7,"Echinoidea"
6,"Echinoidea"
5,"Echinoidea"
2,"Echinoidea"
3,"Echinoidea"
7,"Echinoidea"
6,"Echinoidea"
4,"Echinoidea"
2,"Echinoidea"
4,"Echinoidea"
1,"Echinoidea"
4,"Echinoidea"
3,"Echinoidea"
6,"Echinoidea"
10,"Echinoidea"
1,"Echinoidea"
6,"Echinoidea"
2,"Echinoidea"
8,"Echinoidea"
4,"Echinoidea"
6,"Echinoidea"
9,"Echinoidea"
6,"Echinoidea"
6,"Echinoidea"
6,"Echinoidea"
4,"Echinoidea"
7,"Echinoidea"
4,"Echinoidea"
6,"Echinoidea"
2,"Echinoidea"
4,"Echinoidea"
2,"Echinoidea"
3,"Echinoidea"
2,"Echinoidea"
1,"Echinoidea"
1,"Echinoidea"
11,"Echinoidea"
2,"Echinoidea"
1,"Echinoidea"
1,"Echinoidea"
2,"Echinoidea"
3,"Echinoidea"
1,"Echinoidea"
7,"Echinoidea"
4,"Echinoidea"
7,"Echinoidea"
3,"Echinoidea"
1,"Echinoidea"
2,"Echinoidea"
1,"Echinoidea"
1,"Echinoidea"
8,"Echinoidea"
2,"Echinoidea"
1,"Echinoidea"
2,"Echinoidea"
2,"Echinoidea"
1,"Echinoidea"
3,"Echinoidea"
2,"Echinoidea"
2,"Echinoidea"
1,"Echinoidea"
1,"Echinoidea"
1,"Echinoidea"
1,"Echinoidea"
1,"Echinoidea"
1,"Echinoidea"
2,"Echinoidea"
4,"Echinoidea"
7,"Echinoidea"
4,"Echinoidea"
1,"Echinoidea"
1,"Echinoidea"
1,"Echinoidea"
4,"Echinoidea"
2,"Echinoidea"
3,"Echinoidea"
1,"Echinoidea"
4,"Echinoidea"
4,"Echinoidea"
3,"Echinoidea"
2,"Echinoidea"
1,"Echinoidea"
1,"Echinoidea"
4,"Echinoidea"
1,"Echinoidea"
5,"Echinoidea"
8,"Echinoidea"
6,"Echinoidea"
6,"Echinoidea"
3,"Echinoidea"
1,"Echinoidea"
1,"Echinoidea"
1,"Echinoidea"
2,"Echinoidea"
3,"Echinoidea"
3,"Echinoidea"
3,"Echinoidea"
6,"Echinoidea"
1,"Echinoidea"
3,"Echinoidea"
5,"Echinoidea"
2,"Echinoidea"
2,"Echinoidea"
1,"Echinoidea"
1,"Gnathostomata"
1,"Gnathostomata"
4,"Gnathostomata"
2,"Gnathostomata"
8,"Gnathostomata"
2,"Gnathostomata"
1,"Gnathostomata"
2,"Gnathostomata"
1,"Gnathostomata"
4,"Gnathostomata"
3,"Gnathostomata"
2,"Gnathostomata"
1,"Gnathostomata"
7,"Gnathostomata"
3,"Gnathostomata"
1,"Gnathostomata"
1,"Gnathostomata"
2,"Gnathostomata"
3,"Gnathostomata"
4,"Gnathostomata"
3,"Gnathostomata"
2,"Gnathostomata"
1,"Gnathostomata"
3,"Gnathostomata"
3,"Gnathostomata"
3,"Gnathostomata"
1,"Gnathostomata"
2,"Gnathostomata"
4,"Gnathostomata"
5,"Gnathostomata"
6,"Gnathostomata"
3,"Gnathostomata"
1,"Gnathostomata"
5,"Gnathostomata"
1,"Gnathostomata"
3,"Gnathostomata"
2,"Gnathostomata"
2,"Gnathostomata"
6,"Gnathostomata"
4,"Gnathostomata"
2,"Gnathostomata"
4,"Gnathostomata"
1,"Gnathostomata"
1,"Gnathostomata"
1,"Gnathostomata"
1,"Gnathostomata"
2,"Gnathostomata"
2,"Gnathostomata"
2,"Gnathostomata"
3,"Gnathostomata"
4,"Gnathostomata"
1,"Gnathostomata"
2,"Gnathostomata"
2,"Gnathostomata"
2,"Gnathostomata"
3,"Gnathostomata"
3,"Gnathostomata"
8,"Gnathostomata"
3,"Gnathostomata"
1,"Gnathostomata"
3,"Gnathostomata"
1,"Gnathostomata"
2,"Gnathostomata"
1,"Gnathostomata"
3,"Gnathostomata"
1,"Gnathostomata"
2,"Gnathostomata"
4,"Gnathostomata"
2,"Gnathostomata"
1,"Gnathostomata"
2,"Gnathostomata"
1,"Gnathostomata"
1,"Gnathostomata"
4,"Gnathostomata"
2,"Gnathostomata"
2,"Gnathostomata"
1,"Gnathostomata"
3,"Gnathostomata"
2,"Gnathostomata"
3,"Gnathostomata"
1,"Gnathostomata"
2,"Gnathostomata"
1,"Gnathostomata"
1,"Gnathostomata"
1,"Gnathostomata"
1,"Gnathostomata"
1,"Gnathostomata"
1,"Gnathostomata"
1,"Gnathostomata"
3,"Gnathostomata"
1,"Gnathostomata"
1,"Gnathostomata"
2,"Gnathostomata"
2,"Gnathostomata"
2,"Gnathostomata"
1,"Gnathostomata"
1,"Gnathostomata"
3,"Gnathostomata"
1,"Gnathostomata"
1,"Gnathostomata"
5,"Gnathostomata"
1,"Gnathostomata"
1,"Gnathostomata"
2,"Gnathostomata"
2,"Gnathostomata"
1,"Gnathostomata"
1,"Gnathostomata"
1,"Gnathostomata"
1,"Gnathostomata"
3,"Gnathostomata"
2,"Gnathostomata"
1,"Gnathostomata"
1,"Gnathostomata"
2,"Gnathostomata"
1,"Gnathostomata"
2,"Gnathostomata"
1,"Gnathostomata"
2,"Gnathostomata"
3,"Gnathostomata"
1,"Gnathostomata"
1,"Gnathostomata"
1,"Gnathostomata"
1,"Gnathostomata"
1,"Gnathostomata"
1,"Gnathostomata"
1,"Gnathostomata"
2,"Gnathostomata"
3,"Gnathostomata"
1,"Gnathostomata"
3,"Gnathostomata"
3,"Gnathostomata"
3,"Gnathostomata"
1,"Gnathostomata"
4,"Gnathostomata"
2,"Gnathostomata"
1,"Gnathostomata"
2,"Gnathostomata"
2,"Gnathostomata"
2,"Gnathostomata"
1,"Gnathostomata"
1,"Gnathostomata"
1,"Gnathostomata"
1,"Gnathostomata"
2,"Gnathostomata"
3,"Gnathostomata"
6,"Gnathostomata"
4,"Gnathostomata"
1,"Gnathostomata"
3,"Gnathostomata"
5,"Gnathostomata"
10,"Gnathostomata"
1,"Gnathostomata"
6,"Gnathostomata"
2,"Gnathostomata"
3,"Gnathostomata"
3,"Gnathostomata"
2,"Gnathostomata"
5,"Gnathostomata"
4,"Gnathostomata"
1,"Gnathostomata"
1,"Gnathostomata"
4,"Gnathostomata"
3,"Gnathostomata"
3,"Gnathostomata"
1,"Gnathostomata"
3,"Gnathostomata"
2,"Gnathostomata"
4,"Gnathostomata"
1,"Gnathostomata"
2,"Gnathostomata"
1,"Gnathostomata"
1,"Gnathostomata"
2,"Gnathostomata"
1,"Gnathostomata"
3,"Gnathostomata"
1,"Gnathostomata"
1,"Gnathostomata"
6,"Gnathostomata"
6,"Gnathostomata"
5,"Gnathostomata"
3,"Gnathostomata"
3,"Gnathostomata"
1,"Gnathostomata"
1,"Gnathostomata"
4,"Gnathostomata"
2,"Gnathostomata"
1,"Gnathostomata"
2,"Gnathostomata"
3,"Gnathostomata"
1,"Gnathostomata"
2,"Gnathostomata"
3,"Gnathostomata"
4,"Gnathostomata"
1,"Gnathostomata"
2,"Gnathostomata"
3,"Gnathostomata"
1,"Gnathostomata"
3,"Gnathostomata"
3,"Gnathostomata"
3,"Gnathostomata"
2,"Gnathostomata"
6,"Gnathostomata"
3,"Gnathostomata"
2,"Gnathostomata"
1,"Gnathostomata"
2,"Gnathostomata"
1,"Gnathostomata"
2,"Gnathostomata"
2,"Gnathostomata"
2,"Gnathostomata"
1,"Gnathostomata"
2,"Gnathostomata"
1,"Gnathostomata"
1,"Gnathostomata"
1,"Gnathostomata"
3,"Gnathostomata"
1,"Gnathostomata"
1,"Gnathostomata"
1,"Gnathostomata"
2,"Gnathostomata"
3,"Gnathostomata"
1,"Gnathostomata"
1,"Gnathostomata"
1,"Gnathostomata"
5,"Gnathostomata"
3,"Gnathostomata"
3,"Gnathostomata"
1,"Gnathostomata"
2,"Gnathostomata"
1,"Gnathostomata"
1,"Gnathostomata"
4,"Gnathostomata"
2,"Gnathostomata"
1,"Gnathostomata"
1,"Gnathostomata"
1,"Gnathostomata"
1,"Gnathostomata"
2,"Gnathostomata"
2,"Gnathostomata"
1,"Gnathostomata"
2,"Gnathostomata"
3,"Gnathostomata"
1,"Gnathostomata"
4,"Gnathostomata"
1,"Gnathostomata"
1,"Gnathostomata"
1,"Gnathostomata"
4,"Gnathostomata"
1,"Gnathostomata"
4,"Gnathostomata"
1,"Gnathostomata"
1,"Gnathostomata"
1,"Gnathostomata"
1,"Gnathostomata"
4,"Gnathostomata"
1,"Gnathostomata"
1,"Gnathostomata"
5,"Gnathostomata"
2,"Gnathostomata"
1,"Gnathostomata"
1,"Gnathostomata"
1,"Gnathostomata"
1,"Gnathostomata"
1,"Gnathostomata"
4,"Gnathostomata"
2,"Gnathostomata"
4,"Gnathostomata"
1,"Gnathostomata"
4,"Gnathostomata"
5,"Gnathostomata"
1,"Gnathostomata"
1,"Gnathostomata"
3,"Gnathostomata"
2,"Gnathostomata"
1,"Gnathostomata"
1,"Gnathostomata"
1,"Gnathostomata"
1,"Gnathostomata"
2,"Gnathostomata"
1,"Gnathostomata"
10,"Gnathostomata"
3,"Gnathostomata"
1,"Gnathostomata"
2,"Gnathostomata"
1,"Gnathostomata"
1,"Gnathostomata"
6,"Gnathostomata"
1,"Gnathostomata"
2,"Gnathostomata"
1,"Gnathostomata"
1,"Gnathostomata"
5,"Gnathostomata"
1,"Gnathostomata"
2,"Gnathostomata"
6,"Gnathostomata"
1,"Gnathostomata"
2,"Gnathostomata"
2,"Gnathostomata"
3,"Gnathostomata"
1,"Gnathostomata"
1,"Gnathostomata"
1,"Gnathostomata"
5,"Gnathostomata"
1,"Gnathostomata"
2,"Gnathostomata"
3,"Gnathostomata"
8,"Gnathostomata"
2,"Gnathostomata"
5,"Gnathostomata"
1,"Gnathostomata"
4,"Gnathostomata"
1,"Gnathostomata"
4,"Gnathostomata"
2,"Gnathostomata"
4,"Gnathostomata"
1,"Gnathostomata"
1,"Gnathostomata"
2,"Gnathostomata"
3,"Gnathostomata"
1,"Gnathostomata"
1,"Gnathostomata"
2,"Gnathostomata"
2,"Gnathostomata"
2,"Gnathostomata"
2,"Gnathostomata"
4,"Gnathostomata"
2,"Gnathostomata"
1,"Gnathostomata"
5,"Gnathostomata"
4,"Gnathostomata"
2,"Gnathostomata"
3,"Gnathostomata"
1,"Gnathostomata"
2,"Gnathostomata"
1,"Gnathostomata"
1,"Gnathostomata"
1,"Gnathostomata"
2,"Gnathostomata"
1,"Gnathostomata"
1,"Gnathostomata"
1,"Gnathostomata"
1,"Gnathostomata"
5,"Gnathostomata"
3,"Gnathostomata"
1,"Gnathostomata"
3,"Gnathostomata"
4,"Gnathostomata"
2,"Gnathostomata"
1,"Gnathostomata"
1,"Gnathostomata"
1,"Gnathostomata"
2,"Gnathostomata"
1,"Gnathostomata"
1,"Gnathostomata"
3,"Gnathostomata"
2,"Gnathostomata"
1,"Gnathostomata"
1,"Gnathostomata"
3,"Gnathostomata"
3,"Gnathostomata"
2,"Gnathostomata"
1,"Gnathostomata"
1,"Gnathostomata"
1,"Gnathostomata"
1,"Gnathostomata"
1,"Gnathostomata"
2,"Gnathostomata"
1,"Gnathostomata"
2,"Gnathostomata"
2,"Gnathostomata"
2,"Gnathostomata"
3,"Gnathostomata"
3,"Gnathostomata"
1,"Gnathostomata"
3,"Gnathostomata"
2,"Gnathostomata"
2,"Gnathostomata"
4,"Gnathostomata"
6,"Gnathostomata"
5,"Gnathostomata"
1,"Gnathostomata"
4,"Gnathostomata"
2,"Gnathostomata"
1,"Gnathostomata"
3,"Gnathostomata"
1,"Gnathostomata"
3,"Gnathostomata"
3,"Gnathostomata"
3,"Gnathostomata"
1,"Gnathostomata"
1,"Gnathostomata"
1,"Gnathostomata"
5,"Gnathostomata"
2,"Gnathostomata"
1,"Gnathostomata"
6,"Gnathostomata"
2,"Gnathostomata"
2,"Gnathostomata"
1,"Gnathostomata"
1,"Gnathostomata"
5,"Gnathostomata"
1,"Gnathostomata"
3,"Gnathostomata"
1,"Gnathostomata"
4,"Gnathostomata"
4,"Gnathostomata"
3,"Gnathostomata"
3,"Gnathostomata"
1,"Gnathostomata"
1,"Gnathostomata"
1,"Gnathostomata"
1,"Gnathostomata"
1,"Gnathostomata"
1,"Gnathostomata"
1,"Gnathostomata"
1,"Gnathostomata"
4,"Gnathostomata"
1,"Gnathostomata"
1,"Gnathostomata"
7,"Gnathostomata"
1,"Gnathostomata"
3,"Gnathostomata"
2,"Gnathostomata"
3,"Gnathostomata"
1,"Gnathostomata"
1,"Gnathostomata"
6,"Gnathostomata"
2,"Gnathostomata"
8,"Gnathostomata"
6,"Gnathostomata"
5,"Gnathostomata"
6,"Gnathostomata"
6,"Gnathostomata"
1,"Gnathostomata"
2,"Gnathostomata"
4,"Gnathostomata"
1,"Gnathostomata"
4,"Gnathostomata"
2,"Gnathostomata"
1,"Gnathostomata"
7,"Gnathostomata"
1,"Gnathostomata"
3,"Gnathostomata"
1,"Gnathostomata"
3,"Gnathostomata"
3,"Gnathostomata"
6,"Gnathostomata"
4,"Gnathostomata"
1,"Gnathostomata"
1,"Gnathostomata"
1,"Gnathostomata"
2,"Gnathostomata"
1,"Gnathostomata"
1,"Gnathostomata"
4,"Gnathostomata"
2,"Gnathostomata"
4,"Gnathostomata"
7,"Gnathostomata"
9,"Gnathostomata"
6,"Gnathostomata"
2,"Gnathostomata"
3,"Gnathostomata"
2,"Gnathostomata"
2,"Gnathostomata"
4,"Gnathostomata"
1,"Gnathostomata"
1,"Lemuriformes"
3,"Lemuriformes"
2,"Lemuriformes"
1,"Lemuriformes"
2,"Lemuriformes"
1,"Lemuriformes"
1,"Lemuriformes"
1,"Lemuriformes"
1,"Lemuriformes"
1,"Lemuriformes"
3,"Lemuriformes"
1,"Lemuriformes"
1,"Lemuriformes"
4,"Lemuriformes"
2,"Lemuriformes"
3,"Lemuriformes"
2,"Lemuriformes"
2,"Lemuriformes"
1,"Lemuriformes"
6,"Lemuriformes"
5,"Lemuriformes"
4,"Lemuriformes"
5,"Lemuriformes"
1,"Lemuriformes"
1,"Lemuriformes"
1,"Lemuriformes"
1,"Lemuriformes"
6,"Lemuriformes"
2,"Lemuriformes"
4,"Lemuriformes"
2,"Lemuriformes"
2,"Lemuriformes"
1,"Lemuriformes"
1,"Lemuriformes"
4,"Lemuriformes"
1,"Lemuriformes"
2,"Lemuriformes"
1,"Lemuriformes"
3,"Lemuriformes"
4,"Lemuriformes"
2,"Lemuriformes"
1,"Lemuriformes"
3,"Lemuriformes"
1,"Lemuriformes"
5,"Lemuriformes"
1,"Lemuriformes"
2,"Lemuriformes"
2,"Lemuriformes"
3,"Lemuriformes"
5,"Lemuriformes"
4,"Lemuriformes"
1,"Lemuriformes"
1,"Lemuriformes"
1,"Lemuriformes"
1,"Lemuriformes"
2,"Lemuriformes"
2,"Lemuriformes"
1,"Lemuriformes"
4,"Lemuriformes"
4,"Lemuriformes"
2,"Lemuriformes"
4,"Lemuriformes"
5,"Lemuriformes"
2,"Lemuriformes"
5,"Lemuriformes"
4,"Lemuriformes"
1,"Lemuriformes"
4,"Lemuriformes"
3,"Lemuriformes"
7,"Lemuriformes"
6,"Lemuriformes"
3,"Lemuriformes"
1,"Lemuriformes"
3,"Lemuriformes"
1,"Lemuriformes"
4,"Lemuriformes"
1,"Lemuriformes"
2,"Lemuriformes"
2,"Lemuriformes"
2,"Lemuriformes"
4,"Lemuriformes"
2,"Lemuriformes"
1,"Lemuriformes"
1,"Lemuriformes"
1,"Lemuriformes"
1,"Lemuriformes"
1,"Lemuriformes"
1,"Lemuriformes"
1,"Lemuriformes"
1,"Lemuriformes"
2,"Lemuriformes"
1,"Lemuriformes"
3,"Lemuriformes"
1,"Lemuriformes"
2,"Lemuriformes"
1,"Mammalia"
1,"Mammalia"
1,"Mammalia"
5,"Mammalia"
4,"Mammalia"
18,"Mammalia"
16,"Mammalia"
14,"Mammalia"
5,"Mammalia"
16,"Mammalia"
7,"Mammalia"
4,"Mammalia"
1,"Mammalia"
6,"Mammalia"
3,"Mammalia"
3,"Mammalia"
4,"Mammalia"
1,"Mammalia"
6,"Mammalia"
11,"Mammalia"
1,"Mammalia"
3,"Mammalia"
1,"Mammalia"
0,"Mammalia"
1,"Mammalia"
0,"Mammalia"
1,"Mammalia"
1,"Mammalia"
1,"Mammalia"
1,"Mammalia"
1,"Mammalia"
0,"Mammalia"
0,"Mammalia"
0,"Mammalia"
1,"Mammalia"
1,"Mammalia"
5,"Mammalia"
10,"Mammalia"
3,"Mammalia"
7,"Mammalia"
7,"Mammalia"
2,"Mammalia"
2,"Mammalia"
3,"Mammalia"
2,"Mammalia"
3,"Mammalia"
1,"Mammalia"
2,"Mammalia"
1,"Mammalia"
1,"Mammalia"
12,"Mammalia"
14,"Mammalia"
2,"Mammalia"
3,"Mammalia"
2,"Mammalia"
1,"Mammalia"
2,"Mammalia"
1,"Mammalia"
1,"Mammalia"
4,"Mammalia"
1,"Mammalia"
9,"Mammalia"
4,"Mammalia"
3,"Mammalia"
4,"Mammalia"
4,"Mammalia"
11,"Mammalia"
10,"Mammalia"
3,"Mammalia"
4,"Mammalia"
8,"Mammalia"
6,"Mammalia"
4,"Mammalia"
17,"Mammalia"
4,"Mammalia"
5,"Mammalia"
5,"Mammalia"
1,"Mammalia"
0,"Mammalia"
1,"Mammalia"
0,"Mammalia"
0,"Mammalia"
0,"Mammalia"
0,"Mammalia"
2,"Mammalia"
1,"Mammalia"
4,"Mammalia"
3,"Mammalia"
9,"Mammalia"
11,"Mammalia"
1,"Mammalia"
1,"Mammalia"
2,"Mammalia"
2,"Mammalia"
2,"Mammalia"
19,"Mammalia"
13,"Mammalia"
1,"Mammalia"
11,"Mammalia"
11,"Mammalia"
7,"Mammalia"
12,"Mammalia"
2,"Mammalia"
0,"Mammalia"
0,"Mammalia"
3,"Mammalia"
1,"Mammalia"
2,"Mammalia"
17,"Mammalia"
16,"Mammalia"
7,"Mammalia"
2,"Mammalia"
2,"Mammalia"
5,"Mammalia"
8,"Mammalia"
1,"Mammalia"
12,"Mammalia"
3,"Mammalia"
14,"Mammalia"
3,"Mammalia"
10,"Mammalia"
6,"Mammalia"
14,"Mammalia"
6,"Mammalia"
10,"Mammalia"
1,"Mammalia"
8,"Mammalia"
2,"Mammalia"
1,"Mammalia"
16,"Mammalia"
5,"Mammalia"
2,"Mammalia"
1,"Mammalia"
14,"Mammalia"
10,"Mammalia"
10,"Mammalia"
12,"Mammalia"
3,"Mammalia"
2,"Mammalia"
1,"Mammalia"
0,"Mammalia"
3,"Mammalia"
2,"Mammalia"
6,"Mammalia"
8,"Mammalia"
5,"Mammalia"
8,"Mammalia"
1,"Mammalia"
10,"Mammalia"
1,"Mammalia"
4,"Mammalia"
10,"Mammalia"
2,"Mammalia"
1,"Mammalia"
3,"Mammalia"
3,"Mammalia"
1,"Mammalia"
4,"Mammalia"
9,"Mammalia"
7,"Mammalia"
11,"Mammalia"
5,"Mammalia"
6,"Mammalia"
7,"Mammalia"
1,"Mammalia"
5,"Mammalia"
4,"Mammalia"
2,"Mammalia"
3,"Mammalia"
6,"Mammalia"
7,"Mammalia"
3,"Mammalia"
5,"Mammalia"
1,"Mammalia"
1,"Mammalia"
4,"Mammalia"
6,"Mammalia"
10,"Mammalia"
7,"Mammalia"
7,"Mammalia"
1,"Mammalia"
9,"Mammalia"
7,"Mammalia"
10,"Mammalia"
11,"Mammalia"
8,"Mammalia"
1,"Mammalia"
13,"Mammalia"
12,"Mammalia"
2,"Mammalia"
4,"Mammalia"
9,"Mammalia"
12,"Mammalia"
1,"Mammalia"
7,"Mammalia"
8,"Mammalia"
14,"Mammalia"
9,"Mammalia"
9,"Mammalia"
17,"Mammalia"
6,"Mammalia"
4,"Mammalia"
1,"Mammalia"
9,"Mammalia"
0,"Mammalia"
12,"Mammalia"
9,"Mammalia"
6,"Mammalia"
7,"Mammalia"
13,"Mammalia"
7,"Mammalia"
5,"Mammalia"
1,"Mammalia"
2,"Mammalia"
1,"Mammalia"
0,"Mammalia"
1,"Mammalia"
9,"Mammalia"
9,"Mammalia"
5,"Mammalia"
14,"Mammalia"
6,"Mammalia"
3,"Mammalia"
6,"Mammalia"
2,"Mammalia"
0,"Mammalia"
14,"Mammalia"
5,"Mammalia"
1,"Mammalia"
8,"Mammalia"
13,"Mammalia"
2,"Mammalia"
1,"Mammalia"
2,"Mammalia"
14,"Mammalia"
6,"Mammalia"
7,"Mammalia"
10,"Mammalia"
4,"Mammalia"
5,"Mammalia"
4,"Mammalia"
1,"Mammalia"
7,"Mammalia"
15,"Mammalia"
7,"Mammalia"
5,"Mammalia"
2,"Mammalia"
10,"Mammalia"
15,"Mammalia"
1,"Mammalia"
1,"Mammalia"
1,"Mammalia"
0,"Mammalia"
1,"Mammalia"
4,"Mammalia"
4,"Mammalia"
11,"Mammalia"
4,"Mammalia"
4,"Mammalia"
5,"Mammalia"
4,"Mammalia"
2,"Mammalia"
5,"Mammalia"
1,"Mammalia"
4,"Mammalia"
2,"Mammalia"
6,"Mammalia"
6,"Mammalia"
13,"Mammalia"
12,"Mammalia"
4,"Mammalia"
1,"Mammalia"
1,"Mammalia"
1,"Mammalia"
4,"Mammalia"
4,"Mammalia"
18,"Mammalia"
14,"Mammalia"
2,"Mammalia"
1,"Mammalia"
8,"Mammalia"
7,"Mammalia"
5,"Mammalia"
12,"Mammalia"
8,"Mammalia"
16,"Mammalia"
10,"Mammalia"
8,"Mammalia"
12,"Mammalia"
12,"Mammalia"
10,"Mammalia"
4,"Mammalia"
12,"Mammalia"
7,"Mammalia"
3,"Mammalia"
1,"Mammalia"
5,"Mammalia"
4,"Mammalia"
11,"Mammalia"
14,"Mammalia"
3,"Mammalia"
1,"Mammalia"
7,"Mammalia"
3,"Mammalia"
1,"Mammalia"
0,"Mammalia"
1,"Mammalia"
0,"Mammalia"
1,"Mammalia"
13,"Mammalia"
4,"Mammalia"
3,"Mammalia"
4,"Mammalia"
1,"Mammalia"
0,"Mammalia"
0,"Mammalia"
0,"Mammalia"
14,"Mammalia"
1,"Mammalia"
9,"Mammalia"
11,"Mammalia"
12,"Mammalia"
10,"Mammalia"
4,"Mammalia"
5,"Mammalia"
3,"Mammalia"
10,"Mammalia"
5,"Mammalia"
0,"Mammalia"
11,"Mammalia"
4,"Mammalia"
3,"Mammalia"
9,"Mammalia"
3,"Mammalia"
2,"Mammalia"
13,"Mammalia"
4,"Mammalia"
2,"Mammalia"
2,"Mammalia"
8,"Mammalia"
3,"Mammalia"
7,"Mammalia"
11,"Mammalia"
6,"Mammalia"
4,"Mammalia"
4,"Mammalia"
10,"Mammalia"
13,"Mammalia"
8,"Mammalia"
6,"Mammalia"
1,"Mammalia"
2,"Mammalia"
1,"Mammalia"
1,"Mammalia"
13,"Mammalia"
3,"Mammalia"
8,"Mammalia"
4,"Mammalia"
5,"Mammalia"
2,"Mammalia"
4,"Mammalia"
3,"Mammalia"
3,"Mammalia"
1,"Mammalia"
0,"Mammalia"
1,"Mammalia"
2,"Mammalia"
0,"Mammalia"
6,"Mammalia"
2,"Mammalia"
2,"Mammalia"
1,"Mammalia"
9,"Mammalia"
11,"Mammalia"
6,"Mammalia"
6,"Mammalia"
7,"Mammalia"
4,"Mammalia"
4,"Mammalia"
2,"Mammalia"
8,"Mammalia"
1,"Mammalia"
2,"Mammalia"
0,"Mammalia"
0,"Mammalia"
4,"Mammalia"
1,"Mammalia"
1,"Mammalia"
2,"Mammalia"
5,"Mammalia"
7,"Mammalia"
1,"Mammalia"
13,"Mammalia"
8,"Mammalia"
4,"Mammalia"
4,"Mammalia"
9,"Mammalia"
10,"Mammalia"
13,"Mammalia"
4,"Mammalia"
6,"Mammalia"
5,"Mammalia"
5,"Mammalia"
9,"Mammalia"
3,"Mammalia"
6,"Mammalia"
12,"Mammalia"
4,"Mammalia"
2,"Mammalia"
7,"Mammalia"
11,"Mammalia"
3,"Mammalia"
8,"Mammalia"
10,"Mammalia"
10,"Mammalia"
11,"Mammalia"
11,"Mammalia"
3,"Mammalia"
6,"Mammalia"
2,"Mammalia"
11,"Mammalia"
5,"Mammalia"
2,"Mammalia"
4,"Mammalia"
10,"Mammalia"
12,"Mammalia"
7,"Mammalia"
9,"Mammalia"
2,"Mammalia"
2,"Mammalia"
9,"Mammalia"
0,"Mammalia"
11,"Mammalia"
14,"Mammalia"
15,"Mammalia"
5,"Mammalia"
8,"Mammalia"
6,"Mammalia"
9,"Mammalia"
2,"Mammalia"
3,"Mammalia"
7,"Mammalia"
0,"Mammalia"
11,"Mammalia"
13,"Mammalia"
1,"Mammalia"
15,"Mammalia"
4,"Mammalia"
5,"Mammalia"
4,"Mammalia"
8,"Mammalia"
3,"Mammalia"
5,"Mammalia"
3,"Mammalia"
7,"Mammalia"
1,"Mammalia"
5,"Mammalia"
1,"Mammalia"
0,"Mammalia"
0,"Mammalia"
1,"Mammalia"
1,"Mammalia"
16,"Mammalia"
5,"Mammalia"
1,"Mammalia"
4,"Mammalia"
8,"Mammalia"
2,"Mammalia"
1,"Mammalia"
2,"Mammalia"
4,"Mammalia"
1,"Mammalia"
1,"Mammalia"
2,"Mammalia"
10,"Mammalia"
4,"Mammalia"
5,"Mammalia"
3,"Mammalia"
4,"Mammalia"
4,"Mammalia"
14,"Mammalia"
5,"Mammalia"
3,"Mammalia"
8,"Mammalia"
8,"Mammalia"
14,"Mammalia"
1,"Mammalia"
0,"Mammalia"
3,"Mammalia"
8,"Mammalia"
10,"Mammalia"
2,"Mammalia"
9,"Mammalia"
4,"Mammalia"
13,"Mammalia"
2,"Mammalia"
3,"Mammalia"
1,"Mammalia"
1,"Mammalia"
0,"Mammalia"
0,"Mammalia"
0,"Mammalia"
5,"Mammalia"
4,"Mammalia"
3,"Mammalia"
12,"Mammalia"
6,"Mammalia"
6,"Mammalia"
10,"Mammalia"
3,"Mammalia"
1,"Mammalia"
3,"Mammalia"
2,"Mammalia"
18,"Mammalia"
8,"Mammalia"
9,"Mammalia"
9,"Mammalia"
6,"Mammalia"
1,"Mammalia"
3,"Mammalia"
4,"Mammalia"
1,"Mammalia"
4,"Mammalia"
1,"Mammalia"
1,"Mammalia"
9,"Mammalia"
4,"Mammalia"
3,"Mammalia"
5,"Mammalia"
2,"Mammalia"
2,"Mammalia"
14,"Mammalia"
3,"Mammalia"
0,"Mammalia"
7,"Mammalia"
9,"Mammalia"
3,"Mammalia"
10,"Mammalia"
6,"Mammalia"
12,"Mammalia"
9,"Mammalia"
5,"Mammalia"
2,"Mammalia"
1,"Mammalia"
7,"Mammalia"
16,"Mammalia"
7,"Mammalia"
1,"Mammalia"
11,"Mammalia"
2,"Mammalia"
10,"Mammalia"
5,"Mammalia"
2,"Mammalia"
2,"Mammalia"
1,"Mammalia"
3,"Mammalia"
5,"Mammalia"
1,"Mammalia"
7,"Mammalia"
14,"Mammalia"
1,"Mammalia"
8,"Mammalia"
7,"Mammalia"
4,"Mammalia"
9,"Mammalia"
14,"Mammalia"
16,"Mammalia"
12,"Mammalia"
8,"Mammalia"
2,"Mammalia"
2,"Mammalia"
8,"Mammalia"
9,"Mammalia"
7,"Mammalia"
9,"Mammalia"
2,"Mammalia"
4,"Mammalia"
2,"Mammalia"
10,"Mammalia"
6,"Mammalia"
6,"Mammalia"
9,"Mammalia"
3,"Mammalia"
12,"Mammalia"
13,"Mammalia"
4,"Mammalia"
1,"Mammalia"
1,"Mammalia"
1,"Mammalia"
11,"Mammalia"
5,"Mammalia"
2,"Mammalia"
3,"Mammalia"
0,"Mammalia"
9,"Mammalia"
2,"Mammalia"
9,"Mammalia"
4,"Mammalia"
2,"Mammalia"
11,"Mammalia"
11,"Mammalia"
3,"Mammalia"
6,"Mammalia"
10,"Mammalia"
3,"Mammalia"
3,"Mammalia"
2,"Mammalia"
12,"Mammalia"
2,"Mammalia"
2,"Mammalia"
7,"Mammalia"
12,"Mammalia"
5,"Mammalia"
2,"Mammalia"
6,"Mammalia"
2,"Mammalia"
7,"Mammalia"
6,"Mammalia"
2,"Mammalia"
2,"Mammalia"
11,"Mammalia"
11,"Mammalia"
3,"Mammalia"
13,"Mammalia"
8,"Mammalia"
1,"Mammalia"
0,"Mammalia"
3,"Mammalia"
2,"Mammalia"
0,"Mammalia"
1,"Mammalia"
1,"Mammalia"
5,"Mammalia"
12,"Mammalia"
6,"Mammalia"
3,"Mammalia"
5,"Mammalia"
5,"Mammalia"
1,"Mammalia"
0,"Mammalia"
1,"Mammalia"
1,"Mammalia"
7,"Mammalia"
1,"Mammalia"
4,"Mammalia"
0,"Mammalia"
2,"Mammalia"
1,"Mammalia"
1,"Mammalia"
1,"Mammalia"
5,"Mammalia"
2,"Mammalia"
3,"Mammalia"
2,"Mammalia"
4,"Mammalia"
2,"Mammalia"
3,"Mammalia"
1,"Mammalia"
4,"Mammalia"
3,"Mammalia"
4,"Mammalia"
0,"Mammalia"
7,"Mammalia"
8,"Mammalia"
10,"Mammalia"
4,"Mammalia"
11,"Mammalia"
4,"Mammalia"
8,"Mammalia"
6,"Mammalia"
8,"Mammalia"
7,"Mammalia"
7,"Mammalia"
1,"Mammalia"
8,"Mammalia"
7,"Mammalia"
2,"Mammalia"
1,"Mammalia"
4,"Mammalia"
2,"Mammalia"
2,"Mammalia"
0,"Mammalia"
12,"Mammalia"
2,"Mammalia"
9,"Mammalia"
10,"Mammalia"
0,"Mammalia"
4,"Mammalia"
0,"Mammalia"
11,"Mammalia"
5,"Mammalia"
7,"Mammalia"
5,"Mammalia"
4,"Mammalia"
2,"Mammalia"
6,"Mammalia"
10,"Mammalia"
6,"Mammalia"
15,"Mammalia"
17,"Mammalia"
7,"Mammalia"
1,"Mammalia"
6,"Mammalia"
12,"Mammalia"
4,"Mammalia"
16,"Mammalia"
3,"Mammalia"
5,"Mammalia"
14,"Mammalia"
10,"Mammalia"
7,"Mammalia"
15,"Mammalia"
7,"Mammalia"
10,"Mammalia"
11,"Mammalia"
4,"Mammalia"
2,"Mammalia"
3,"Mammalia"
8,"Mammalia"
10,"Mammalia"
16,"Mammalia"
10,"Mammalia"
1,"Mammalia"
9,"Mammalia"
12,"Mammalia"
1,"Mammalia"
0,"Mammalia"
0,"Mammalia"
0,"Mammalia"
0,"Mammalia"
1,"Mammalia"
11,"Mammalia"
8,"Mammalia"
7,"Mammalia"
2,"Mammalia"
5,"Mammalia"
10,"Mammalia"
19,"Mammalia"
2,"Mammalia"
1,"Mammalia"
15,"Mammalia"
1,"Mammalia"
10,"Mammalia"
1,"Mammalia"
8,"Mammalia"
12,"Mammalia"
7,"Mammalia"
9,"Mammalia"
3,"Mammalia"
10,"Mammalia"
10,"Mammalia"
9,"Mammalia"
3,"Mammalia"
9,"Mammalia"
3,"Mammalia"
11,"Mammalia"
6,"Mammalia"
4,"Mammalia"
3,"Mammalia"
20,"Mammalia"
5,"Mammalia"
16,"Mammalia"
17,"Mammalia"
12,"Mammalia"
3,"Mammalia"
14,"Mammalia"
17,"Mammalia"
2,"Mammalia"
2,"Mammalia"
5,"Mammalia"
9,"Mammalia"
1,"Mammalia"
1,"Mammalia"
1,"Mammalia"
0,"Mammalia"
7,"Mammalia"
1,"Mammalia"
12,"Mammalia"
5,"Mammalia"
6,"Mammalia"
10,"Mammalia"
15,"Mammalia"
3,"Mammalia"
18,"Mammalia"
2,"Mammalia"
2,"Mammalia"
5,"Mammalia"
8,"Mammalia"
1,"Mammalia"
4,"Mammalia"
3,"Mammalia"
5,"Mammalia"
2,"Mammalia"
6,"Mammalia"
5,"Mammalia"
1,"Mammalia"
1,"Mammalia"
5,"Mammalia"
1,"Mammalia"
8,"Mammalia"
18,"Mammalia"
9,"Mammalia"
7,"Mammalia"
4,"Mammalia"
12,"Mammalia"
9,"Mammalia"
3,"Mammalia"
7,"Mammalia"
8,"Mammalia"
3,"Mammalia"
11,"Mammalia"
14,"Mammalia"
2,"Mammalia"
20,"Mammalia"
5,"Mammalia"
7,"Mammalia"
9,"Mammalia"
3,"Mammalia"
12,"Mammalia"
2,"Mammalia"
3,"Mammalia"
11,"Mammalia"
3,"Mammalia"
0,"Mammalia"
9,"Mammalia"
8,"Mammalia"
2,"Mammalia"
3,"Mammalia"
7,"Mammalia"
2,"Mammalia"
1,"Mammalia"
9,"Mammalia"
3,"Mammalia"
7,"Mammalia"
8,"Mammalia"
4,"Mammalia"
3,"Mammalia"
5,"Mammalia"
9,"Mammalia"
4,"Mammalia"
7,"Mammalia"
9,"Mammalia"
3,"Mammalia"
9,"Mammalia"
5,"Mammalia"
7,"Mammalia"
2,"Mammalia"
1,"Mammalia"
14,"Mammalia"
8,"Mammalia"
10,"Mammalia"
1,"Mammalia"
4,"Mammalia"
1,"Mammalia"
3,"Mammalia"
8,"Mammalia"
4,"Mammalia"
1,"Mammalia"
2,"Mammalia"
2,"Mammalia"
2,"Mammalia"
0,"Mammalia"
2,"Mammalia"
1,"Mammalia"
13,"Mammalia"
4,"Mammalia"
6,"Mammalia"
5,"Mammalia"
4,"Mammalia"
1,"Mammalia"
0,"Mammalia"
16,"Mammalia"
8,"Mammalia"
2,"Mammalia"
7,"Mammalia"
4,"Mammalia"
5,"Mammalia"
8,"Mammalia"
6,"Mammalia"
8,"Mammalia"
7,"Mammalia"
4,"Mammalia"
9,"Mammalia"
12,"Mammalia"
5,"Mammalia"
1,"Mammalia"
5,"Mammalia"
14,"Mammalia"
1,"Mammalia"
5,"Mammalia"
2,"Mammalia"
2,"Mammalia"
2,"Mammalia"
10,"Mammalia"
6,"Mammalia"
1,"Mammalia"
1,"Mammalia"
2,"Mammalia"
6,"Mammalia"
2,"Mammalia"
4,"Mammalia"
10,"Mammalia"
7,"Mammalia"
5,"Mammalia"
5,"Mammalia"
2,"Mammalia"
1,"Mammalia"
8,"Mammalia"
5,"Mammalia"
5,"Mammalia"
3,"Mammalia"
17,"Mammalia"
19,"Mammalia"
19,"Mammalia"
16,"Mammalia"
12,"Mammalia"
11,"Mammalia"
21,"Mammalia"
6,"Mammalia"
7,"Mammalia"
15,"Mammalia"
11,"Mammalia"
14,"Mammalia"
4,"Mammalia"
5,"Mammalia"
4,"Mammalia"
1,"Mammalia"
2,"Mammalia"
1,"Mammalia"
6,"Mammalia"
16,"Mammalia"
16,"Mammalia"
3,"Mammalia"
19,"Mammalia"
2,"Mammalia"
1,"Mammalia"
7,"Mammalia"
14,"Mammalia"
1,"Mammalia"
5,"Mammalia"
20,"Mammalia"
12,"Mammalia"
12,"Mammalia"
8,"Mammalia"
1,"Mammalia"
16,"Mammalia"
3,"Mammalia"
2,"Mammalia"
3,"Mammalia"
2,"Mammalia"
2,"Mammalia"
2,"Mammalia"
1,"Mammalia"
1,"Mammalia"
15,"Mammalia"
2,"Mammalia"
2,"Mammalia"
1,"Mammalia"
1,"Mammalia"
1,"Mammalia"
0,"Mammalia"
1,"Mammalia"
0,"Mammalia"
8,"Mammalia"
7,"Mammalia"
3,"Mammalia"
4,"Mammalia"
10,"Mammalia"
12,"Mammalia"
2,"Mammalia"
10,"Mammalia"
1,"Mammalia"
11,"Mammalia"
6,"Mammalia"
3,"Mammalia"
5,"Mammalia"
4,"Mammalia"
7,"Mammalia"
2,"Mammalia"
11,"Mammalia"
7,"Mammalia"
5,"Mammalia"
3,"Mammalia"
6,"Mammalia"
2,"Mammalia"
2,"Mammalia"
3,"Mammalia"
1,"Mammalia"
2,"Mammalia"
7,"Mammalia"
4,"Mammalia"
4,"Mammalia"
5,"Mammalia"
7,"Mammalia"
4,"Mammalia"
1,"Mammalia"
1,"Mammalia"
5,"Mammalia"
1,"Mammalia"
3,"Mammalia"
4,"Mammalia"
1,"Mammalia"
4,"Mammalia"
0,"Mammalia"
5,"Mammalia"
1,"Mammalia"
7,"Mammalia"
8,"Mammalia"
5,"Mammalia"
5,"Mammalia"
1,"Mammalia"
3,"Mammalia"
4,"Mammalia"
6,"Mammalia"
1,"Mammalia"
1,"Mammalia"
13,"Mammalia"
5,"Mammalia"
5,"Mammalia"
2,"Mammalia"
1,"Mammalia"
11,"Mammalia"
0,"Mammalia"
11,"Mammalia"
3,"Mammalia"
5,"Mammalia"
8,"Mammalia"
4,"Mammalia"
2,"Mammalia"
5,"Mammalia"
2,"Mammalia"
4,"Mammalia"
9,"Mammalia"
0,"Mammalia"
3,"Mammalia"
1,"Mammalia"
1,"Mammalia"
1,"Mammalia"
1,"Mammalia"
8,"Mammalia"
1,"Mammalia"
1,"Mammalia"
0,"Mammalia"
0,"Mammalia"
1,"Mammalia"
3,"Mammalia"
1,"Mammalia"
8,"Mammalia"
9,"Mammalia"
4,"Mammalia"
3,"Mammalia"
1,"Mammalia"
8,"Mammalia"
3,"Mammalia"
11,"Mammalia"
6,"Mammalia"
1,"Mammalia"
3,"Mammalia"
4,"Mammalia"
3,"Mammalia"
1,"Mammalia"
7,"Mammalia"
11,"Mammalia"
4,"Mammalia"
7,"Mammalia"
4,"Mammalia"
2,"Mammalia"
1,"Mammalia"
1,"Mammalia"
4,"Mammalia"
2,"Mammalia"
6,"Mammalia"
13,"Mammalia"
5,"Mammalia"
8,"Mammalia"
2,"Mammalia"
13,"Mammalia"
2,"Mammalia"
7,"Mammalia"
1,"Mammalia"
8,"Mammalia"
1,"Mammalia"
3,"Mammalia"
10,"Mammalia"
0,"Mammalia"
7,"Mammalia"
6,"Mammalia"
4,"Mammalia"
6,"Mammalia"
15,"Mammalia"
1,"Mammalia"
8,"Mammalia"
8,"Mammalia"
7,"Mammalia"
1,"Mammalia"
7,"Mammalia"
2,"Mammalia"
1,"Mammalia"
3,"Mammalia"
4,"Mammalia"
5,"Mammalia"
3,"Mammalia"
0,"Mammalia"
4,"Mammalia"
14,"Mammalia"
3,"Mammalia"
1,"Mammalia"
1,"Mammalia"
4,"Mammalia"
3,"Mammalia"
11,"Mammalia"
8,"Mammalia"
1,"Mammalia"
4,"Mammalia"
4,"Mammalia"
3,"Mammalia"
1,"Mammalia"
1,"Mammalia"
1,"Mammalia"
3,"Mammalia"
10,"Mammalia"
2,"Mammalia"
3,"Mammalia"
7,"Mammalia"
8,"Mammalia"
1,"Mammalia"
5,"Mammalia"
1,"Mammalia"
6,"Mammalia"
5,"Mammalia"
5,"Mammalia"
2,"Mammalia"
3,"Mammalia"
1,"Mammalia"
8,"Mammalia"
5,"Mammalia"
6,"Mammalia"
3,"Mammalia"
4,"Mammalia"
2,"Mammalia"
1,"Mammalia"
2,"Mammalia"
2,"Mammalia"
8,"Mammalia"
1,"Mammalia"
8,"Mammalia"
3,"Mammalia"
4,"Mammalia"
3,"Mammalia"
5,"Mammalia"
3,"Mammalia"
3,"Mammalia"
4,"Mammalia"
2,"Mammalia"
2,"Mammalia"
1,"Mammalia"
2,"Mammalia"
1,"Mammalia"
13,"Mammalia"
9,"Mammalia"
3,"Mammalia"
1,"Mammalia"
12,"Mammalia"
7,"Mammalia"
12,"Mammalia"
9,"Mammalia"
4,"Mammalia"
1,"Mammalia"
3,"Mammalia"
8,"Mammalia"
1,"Mammalia"
1,"Mammalia"
8,"Mammalia"
13,"Mammalia"
7,"Mammalia"
10,"Mammalia"
4,"Mammalia"
4,"Mammalia"
7,"Mammalia"
6,"Mammalia"
3,"Mammalia"
11,"Mammalia"
3,"Mammalia"
3,"Mammalia"
5,"Mammalia"
3,"Mammalia"
2,"Mammalia"
2,"Mammalia"
3,"Mammalia"
3,"Mammalia"
1,"Mammalia"
8,"Mammalia"
2,"Mammalia"
1,"Mammalia"
5,"Mammalia"
4,"Mammalia"
2,"Mammalia"
1,"Mammalia"
2,"Mammalia"
7,"Mammalia"
3,"Mammalia"
5,"Mammalia"
5,"Mammalia"
1,"Mammalia"
8,"Mammalia"
4,"Mammalia"
2,"Mammalia"
1,"Mammalia"
3,"Mammalia"
3,"Mammalia"
5,"Mammalia"
1,"Mammalia"
2,"Mammalia"
3,"Mammalia"
2,"Mammalia"
3,"Mammalia"
5,"Mammalia"
8,"Mammalia"
7,"Mammalia"
6,"Mammalia"
1,"Mammalia"
3,"Mammalia"
2,"Mammalia"
0,"Mammalia"
2,"Mammalia"
1,"Mammalia"
7,"Mammalia"
4,"Mammalia"
1,"Mammalia"
6,"Mammalia"
4,"Mammalia"
4,"Mammalia"
1,"Mammalia"
0,"Mammalia"
1,"Mammalia"
4,"Mammalia"
3,"Mammalia"
7,"Mammalia"
5,"Mammalia"
4,"Mammalia"
2,"Mammalia"
1,"Mammalia"
12,"Mammalia"
5,"Mammalia"
1,"Mammalia"
8,"Mammalia"
20,"Mammalia"
1,"Mammalia"
7,"Mammalia"
15,"Mammalia"
6,"Mammalia"
9,"Mammalia"
2,"Mammalia"
9,"Mammalia"
3,"Mammalia"
15,"Mammalia"
1,"Mammalia"
11,"Mammalia"
8,"Mammalia"
9,"Mammalia"
10,"Mammalia"
5,"Mammalia"
1,"Mammalia"
2,"Mammalia"
17,"Mammalia"
6,"Mammalia"
8,"Mammalia"
3,"Mammalia"
8,"Mammalia"
2,"Mammalia"
8,"Mammalia"
5,"Mammalia"
9,"Mammalia"
7,"Mammalia"
12,"Mammalia"
15,"Mammalia"
7,"Mammalia"
3,"Mammalia"
8,"Mammalia"
3,"Mammalia"
6,"Mammalia"
12,"Mammalia"
11,"Mammalia"
5,"Mammalia"
11,"Mammalia"
14,"Mammalia"
3,"Mammalia"
5,"Mammalia"
10,"Mammalia"
2,"Mammalia"
12,"Mammalia"
11,"Mammalia"
6,"Mammalia"
7,"Mammalia"
6,"Mammalia"
6,"Mammalia"
1,"Mammalia"
7,"Mammalia"
12,"Mammalia"
2,"Mammalia"
15,"Mammalia"
3,"Mammalia"
10,"Mammalia"
1,"Mammalia"
8,"Mammalia"
2,"Mammalia"
2,"Mammalia"
2,"Mammalia"
1,"Mammalia"
1,"Mammalia"
10,"Mammalia"
3,"Mammalia"
13,"Mammalia"
12,"Mammalia"
5,"Mammalia"
2,"Mammalia"
7,"Mammalia"
4,"Mammalia"
4,"Mammalia"
1,"Mammalia"
3,"Mammalia"
6,"Mammalia"
1,"Mammalia"
3,"Mammalia"
4,"Mammalia"
3,"Mammalia"
7,"Mammalia"
0,"Mammalia"
8,"Mammalia"
8,"Mammalia"
1,"Mammalia"
8,"Mammalia"
4,"Mammalia"
4,"Mammalia"
5,"Mammalia"
3,"Mammalia"
8,"Mammalia"
8,"Mammalia"
8,"Mammalia"
1,"Mammalia"
4,"Mammalia"
5,"Mammalia"
3,"Mammalia"
5,"Mammalia"
2,"Mammalia"
4,"Mammalia"
5,"Mammalia"
3,"Mammalia"
2,"Mammalia"
3,"Mammalia"
7,"Mammalia"
3,"Mammalia"
1,"Mammalia"
1,"Mammalia"
3,"Mammalia"
2,"Mammalia"
1,"Mammalia"
18,"Mammalia"
9,"Mammalia"
8,"Mammalia"
12,"Mammalia"
12,"Mammalia"
1,"Mammalia"
9,"Mammalia"
3,"Mammalia"
1,"Mammalia"
9,"Mammalia"
4,"Mammalia"
12,"Mammalia"
4,"Mammalia"
5,"Mammalia"
1,"Mammalia"
0,"Mammalia"
3,"Mammalia"
1,"Mammalia"
0,"Mammalia"
6,"Mammalia"
9,"Mammalia"
9,"Mammalia"
2,"Mammalia"
5,"Mammalia"
1,"Mammalia"
12,"Mammalia"
12,"Mammalia"
18,"Mammalia"
1,"Mammalia"
1,"Mammalia"
3,"Mammalia"
3,"Mammalia"
4,"Mammalia"
2,"Mammalia"
10,"Mammalia"
10,"Mammalia"
2,"Mammalia"
1,"Mammalia"
3,"Mammalia"
1,"Mammalia"
10,"Mammalia"
8,"Mammalia"
2,"Mammalia"
10,"Mammalia"
9,"Mammalia"
2,"Mammalia"
7,"Mammalia"
2,"Mammalia"
8,"Mammalia"
7,"Mammalia"
3,"Mammalia"
1,"Mammalia"
4,"Mammalia"
7,"Mammalia"
4,"Mammalia"
2,"Mammalia"
0,"Mammalia"
10,"Mammalia"
4,"Mammalia"
3,"Mammalia"
3,"Mammalia"
1,"Mammalia"
9,"Mammalia"
3,"Mammalia"
7,"Mammalia"
3,"Mammalia"
6,"Mammalia"
9,"Mammalia"
7,"Mammalia"
0,"Mammalia"
9,"Mammalia"
4,"Mammalia"
1,"Mammalia"
6,"Mammalia"
3,"Mammalia"
6,"Mammalia"
4,"Mammalia"
8,"Mammalia"
1,"Mammalia"
8,"Mammalia"
2,"Mammalia"
6,"Mammalia"
5,"Mammalia"
5,"Mammalia"
2,"Mammalia"
1,"Mammalia"
9,"Mammalia"
12,"Mammalia"
2,"Mammalia"
5,"Mammalia"
12,"Mammalia"
2,"Mammalia"
7,"Mammalia"
2,"Mammalia"
1,"Mammalia"
6,"Mammalia"
0,"Mammalia"
6,"Mammalia"
2,"Mammalia"
6,"Mammalia"
1,"Mammalia"
6,"Mammalia"
5,"Mammalia"
7,"Mammalia"
2,"Mammalia"
5,"Mammalia"
4,"Mammalia"
1,"Mammalia"
8,"Mammalia"
9,"Mammalia"
2,"Mammalia"
3,"Mammalia"
2,"Mammalia"
1,"Mammalia"
6,"Mammalia"
7,"Mammalia"
4,"Mammalia"
15,"Mammalia"
10,"Mammalia"
16,"Mammalia"
15,"Mammalia"
14,"Mammalia"
1,"Mammalia"
18,"Mammalia"
17,"Mammalia"
12,"Mammalia"
5,"Mammalia"
10,"Mammalia"
6,"Mammalia"
1,"Mammalia"
5,"Mammalia"
1,"Mammalia"
13,"Mammalia"
5,"Mammalia"
11,"Mammalia"
2,"Mammalia"
14,"Mammalia"
9,"Mammalia"
7,"Mammalia"
7,"Mammalia"
11,"Mammalia"
18,"Mammalia"
4,"Mammalia"
11,"Mammalia"
1,"Mammalia"
2,"Mammalia"
9,"Mammalia"
5,"Mammalia"
7,"Mammalia"
2,"Mammalia"
1,"Mammalia"
3,"Mammalia"
8,"Mammalia"
4,"Mammalia"
12,"Mammalia"
4,"Mammalia"
8,"Mammalia"
15,"Mammalia"
3,"Mammalia"
10,"Mammalia"
13,"Mammalia"
8,"Mammalia"
3,"Mammalia"
2,"Mammalia"
3,"Mammalia"
3,"Mammalia"
0,"Mammalia"
1,"Mammalia"
8,"Mammalia"
4,"Mammalia"
3,"Mammalia"
1,"Mammalia"
10,"Mammalia"
4,"Mammalia"
1,"Mammalia"
4,"Mammalia"
6,"Mammalia"
4,"Mammalia"
2,"Mammalia"
4,"Mammalia"
20,"Mammalia"
1,"Mammalia"
2,"Mammalia"
5,"Mammalia"
3,"Mammalia"
3,"Mammalia"
1,"Mammalia"
13,"Mammalia"
3,"Mammalia"
2,"Mammalia"
5,"Mammalia"
3,"Mammalia"
10,"Mammalia"
1,"Mammalia"
2,"Mammalia"
2,"Mammalia"
5,"Mammalia"
6,"Mammalia"
6,"Mammalia"
1,"Mammalia"
12,"Mammalia"
3,"Mammalia"
14,"Mammalia"
8,"Mammalia"
3,"Mammalia"
2,"Mammalia"
5,"Mammalia"
3,"Mammalia"
2,"Mammalia"
1,"Mammalia"
2,"Mammalia"
3,"Mammalia"
3,"Mammalia"
3,"Mammalia"
7,"Mammalia"
2,"Mammalia"
10,"Mammalia"
11,"Mammalia"
6,"Mammalia"
1,"Mammalia"
4,"Mammalia"
2,"Mammalia"
1,"Mammalia"
1,"Mammalia"
0,"Mammalia"
2,"Mammalia"
11,"Mammalia"
12,"Mammalia"
3,"Mammalia"
9,"Mammalia"
1,"Mammalia"
2,"Mammalia"
1,"Mammalia"
11,"Mammalia"
1,"Mammalia"
7,"Mammalia"
1,"Mammalia"
2,"Mammalia"
7,"Mammalia"
4,"Mammalia"
2,"Mammalia"
1,"Mammalia"
3,"Mammalia"
12,"Mammalia"
10,"Mammalia"
10,"Mammalia"
13,"Mammalia"
3,"Mammalia"
1,"Mammalia"
1,"Mammalia"
1,"Mammalia"
1,"Mammalia"
1,"Mammalia"
1,"Mammalia"
1,"Mammalia"
8,"Mammalia"
3,"Mammalia"
1,"Mammalia"
1,"Mammalia"
2,"Mammalia"
11,"Mammalia"
4,"Mammalia"
13,"Mammalia"
1,"Mammalia"
2,"Mammalia"
19,"Mammalia"
1,"Mammalia"
3,"Mammalia"
5,"Mammalia"
4,"Mammalia"
1,"Mammalia"
1,"Mammalia"
13,"Mammalia"
4,"Mammalia"
5,"Mammalia"
3,"Mammalia"
5,"Mammalia"
3,"Mammalia"
12,"Mammalia"
5,"Mammalia"
1,"Mammalia"
3,"Mammalia"
6,"Mammalia"
10,"Mammalia"
6,"Mammalia"
12,"Mammalia"
6,"Mammalia"
4,"Mammalia"
1,"Mammalia"
7,"Mammalia"
5,"Mammalia"
1,"Mammalia"
2,"Mammalia"
3,"Mammalia"
2,"Mammalia"
3,"Mammalia"
11,"Mammalia"
2,"Mammalia"
11,"Mammalia"
11,"Mammalia"
6,"Mammalia"
2,"Mammalia"
5,"Mammalia"
2,"Mammalia"
1,"Mammalia"
9,"Mammalia"
13,"Mammalia"
3,"Mammalia"
12,"Mammalia"
1,"Mammalia"
13,"Mammalia"
3,"Mammalia"
8,"Mammalia"
2,"Mammalia"
2,"Mammalia"
6,"Mammalia"
2,"Mammalia"
1,"Mammalia"
1,"Mammalia"
12,"Mammalia"
8,"Mammalia"
7,"Mammalia"
2,"Mammalia"
11,"Mammalia"
5,"Mammalia"
2,"Mammalia"
2,"Mammalia"
1,"Mammalia"
1,"Mammalia"
1,"Mammalia"
1,"Mammalia"
1,"Mammalia"
1,"Mammalia"
3,"Mammalia"
7,"Mammalia"
1,"Mammalia"
3,"Mammalia"
11,"Mammalia"
9,"Mammalia"
5,"Mammalia"
1,"Mammalia"
4,"Mammalia"
11,"Mammalia"
5,"Mammalia"
8,"Mammalia"
8,"Mammalia"
11,"Mammalia"
7,"Mammalia"
5,"Mammalia"
3,"Mammalia"
1,"Mammalia"
1,"Mammalia"
3,"Mammalia"
3,"Mammalia"
2,"Mammalia"
2,"Mammalia"
1,"Mammalia"
12,"Mammalia"
2,"Mammalia"
3,"Mammalia"
2,"Mammalia"
11,"Mammalia"
5,"Mammalia"
6,"Mammalia"
15,"Mammalia"
8,"Mammalia"
16,"Mammalia"
19,"Mammalia"
7,"Mammalia"
17,"Mammalia"
20,"Mammalia"
8,"Mammalia"
6,"Mammalia"
13,"Mammalia"
7,"Mammalia"
21,"Mammalia"
10,"Mammalia"
3,"Mammalia"
11,"Mammalia"
4,"Mammalia"
13,"Mammalia"
9,"Mammalia"
7,"Mammalia"
12,"Mammalia"
12,"Mammalia"
5,"Mammalia"
6,"Mammalia"
3,"Mammalia"
16,"Mammalia"
6,"Mammalia"
2,"Mammalia"
5,"Mammalia"
1,"Mammalia"
13,"Mammalia"
2,"Mammalia"
4,"Mammalia"
10,"Mammalia"
4,"Mammalia"
6,"Mammalia"
9,"Mammalia"
9,"Mammalia"
1,"Mammalia"
1,"Mammalia"
11,"Mammalia"
4,"Mammalia"
0,"Mammalia"
8,"Mammalia"
13,"Mammalia"
4,"Mammalia"
5,"Mammalia"
12,"Mammalia"
2,"Mammalia"
9,"Mammalia"
3,"Mammalia"
6,"Mammalia"
4,"Mammalia"
7,"Mammalia"
7,"Mammalia"
8,"Mammalia"
2,"Mammalia"
4,"Mammalia"
0,"Mammalia"
17,"Mammalia"
17,"Mammalia"
1,"Mammalia"
2,"Mammalia"
11,"Mammalia"
10,"Mammalia"
17,"Mammalia"
3,"Mammalia"
14,"Mammalia"
3,"Mammalia"
1,"Mammalia"
1,"Mammalia"
3,"Mammalia"
7,"Mammalia"
3,"Mammalia"
10,"Mammalia"
12,"Mammalia"
3,"Mammalia"
6,"Mammalia"
11,"Mammalia"
8,"Mammalia"
6,"Mammalia"
8,"Mammalia"
3,"Mammalia"
9,"Mammalia"
5,"Mammalia"
7,"Mammalia"
1,"Mammalia"
10,"Mammalia"
1,"Mammalia"
13,"Mammalia"
4,"Mammalia"
3,"Mammalia"
4,"Mammalia"
1,"Mammalia"
4,"Mammalia"
1,"Mammalia"
1,"Mammalia"
13,"Mammalia"
4,"Mammalia"
7,"Mammalia"
13,"Mammalia"
8,"Mammalia"
17,"Mammalia"
15,"Mammalia"
7,"Mammalia"
2,"Mammalia"
19,"Mammalia"
15,"Mammalia"
5,"Mammalia"
12,"Mammalia"
8,"Mammalia"
20,"Mammalia"
9,"Mammalia"
2,"Mammalia"
8,"Mammalia"
1,"Mammalia"
11,"Mammalia"
7,"Mammalia"
6,"Mammalia"
10,"Mammalia"
10,"Mammalia"
8,"Mammalia"
7,"Mammalia"
2,"Mammalia"
15,"Mammalia"
0,"Mammalia"
6,"Mammalia"
1,"Mammalia"
4,"Mammalia"
15,"Mammalia"
3,"Mammalia"
6,"Mammalia"
10,"Mammalia"
3,"Mammalia"
5,"Mammalia"
10,"Mammalia"
10,"Mammalia"
1,"Mammalia"
2,"Mammalia"
6,"Mammalia"
6,"Mammalia"
1,"Mammalia"
12,"Mammalia"
4,"Mammalia"
9,"Mammalia"
6,"Mammalia"
5,"Mammalia"
4,"Mammalia"
8,"Mammalia"
6,"Mammalia"
9,"Mammalia"
2,"Mammalia"
4,"Mammalia"
17,"Mammalia"
19,"Mammalia"
4,"Mammalia"
2,"Mammalia"
10,"Mammalia"
9,"Mammalia"
17,"Mammalia"
3,"Mammalia"
13,"Mammalia"
5,"Mammalia"
1,"Mammalia"
3,"Mammalia"
1,"Mammalia"
6,"Mammalia"
3,"Mammalia"
10,"Mammalia"
2,"Mammalia"
9,"Mammalia"
10,"Mammalia"
7,"Mammalia"
8,"Mammalia"
3,"Mammalia"
12,"Mammalia"
3,"Mammalia"
6,"Mammalia"
11,"Mammalia"
2,"Mammalia"
11,"Mammalia"
4,"Mammalia"
3,"Mammalia"
3,"Mammalia"
8,"Mammalia"
7,"Mammalia"
9,"Mammalia"
2,"Mammalia"
9,"Mammalia"
3,"Mammalia"
14,"Mammalia"
6,"Mammalia"
15,"Mammalia"
13,"Mammalia"
3,"Mammalia"
2,"Mammalia"
4,"Mammalia"
12,"Mammalia"
16,"Mammalia"
3,"Mammalia"
9,"Mammalia"
14,"Mammalia"
7,"Mammalia"
10,"Mammalia"
5,"Mammalia"
0,"Mammalia"
2,"Mammalia"
2,"Mammalia"
4,"Mammalia"
3,"Mammalia"
1,"Mammalia"
1,"Mammalia"
1,"Mammalia"
11,"Mammalia"
1,"Mammalia"
1,"Mammalia"
1,"Mammalia"
5,"Mammalia"
1,"Mammalia"
5,"Mammalia"
2,"Mammalia"
0,"Mammalia"
1,"Mammalia"
1,"Mammalia"
1,"Mammalia"
2,"Mammalia"
0,"Mammalia"
4,"Mammalia"
2,"Mammalia"
0,"Mammalia"
3,"Mammalia"
1,"Mammalia"
1,"Mammalia"
8,"Mammalia"
1,"Mammalia"
8,"Mammalia"
3,"Mammalia"
2,"Mammalia"
10,"Mammalia"
5,"Mammalia"
2,"Mammalia"
1,"Mammalia"
3,"Mammalia"
1,"Mammalia"
2,"Mammalia"
1,"Mammalia"
1,"Mammalia"
1,"Mammalia"
2,"Mammalia"
1,"Mammalia"
1,"Mammalia"
4,"Mammalia"
1,"Mammalia"
1,"Mammalia"
1,"Mammalia"
3,"Mammalia"
1,"Mammalia"
3,"Mammalia"
10,"Mammalia"
11,"Mammalia"
4,"Mammalia"
5,"Mammalia"
8,"Mammalia"
2,"Mammalia"
13,"Mammalia"
6,"Mammalia"
12,"Mammalia"
7,"Mammalia"
10,"Mammalia"
2,"Mammalia"
5,"Mammalia"
9,"Mammalia"
11,"Mammalia"
7,"Mammalia"
1,"Mammalia"
8,"Mammalia"
2,"Mammalia"
9,"Mammalia"
1,"Mammalia"
3,"Mammalia"
2,"Mammalia"
5,"Mammalia"
0,"Mammalia"
0,"Mammalia"
0,"Mammalia"
0,"Mammalia"
0,"Mammalia"
0,"Mammalia"
1,"Mammalia"
1,"Mammalia"
0,"Mammalia"
9,"Mammalia"
8,"Mammalia"
6,"Mammalia"
9,"Mammalia"
0,"Mammalia"
2,"Mammalia"
9,"Mammalia"
2,"Mammalia"
4,"Mammalia"
17,"Mammalia"
13,"Mammalia"
7,"Mammalia"
10,"Mammalia"
10,"Mammalia"
11,"Mammalia"
4,"Mammalia"
8,"Mammalia"
1,"Mammalia"
13,"Mammalia"
13,"Mammalia"
4,"Mammalia"
16,"Mammalia"
4,"Mammalia"
10,"Mammalia"
1,"Mammalia"
16,"Mammalia"
18,"Mammalia"
1,"Mammalia"
4,"Mammalia"
3,"Mammalia"
2,"Mammalia"
16,"Mammalia"
16,"Mammalia"
8,"Mammalia"
13,"Mammalia"
9,"Mammalia"
1,"Mammalia"
8,"Mammalia"
15,"Mammalia"
0,"Mammalia"
12,"Mammalia"
13,"Mammalia"
11,"Mammalia"
10,"Mammalia"
19,"Mammalia"
7,"Mammalia"
4,"Mammalia"
6,"Mammalia"
9,"Mammalia"
12,"Mammalia"
14,"Mammalia"
15,"Mammalia"
16,"Mammalia"
13,"Mammalia"
4,"Mammalia"
5,"Mammalia"
16,"Mammalia"
12,"Mammalia"
2,"Mammalia"
1,"Mammalia"
6,"Mammalia"
7,"Mammalia"
1,"Mammalia"
4,"Mammalia"
3,"Mammalia"
1,"Mammalia"
0,"Mammalia"
5,"Mammalia"
6,"Mammalia"
8,"Mammalia"
11,"Mammalia"
1,"Mammalia"
1,"Mammalia"
2,"Mammalia"
5,"Mammalia"
11,"Mammalia"
1,"Mammalia"
1,"Mammalia"
1,"Mammalia"
0,"Mammalia"
11,"Mammalia"
17,"Mammalia"
18,"Mammalia"
4,"Mammalia"
16,"Mammalia"
3,"Mammalia"
2,"Mammalia"
6,"Mammalia"
4,"Mammalia"
15,"Mammalia"
19,"Mammalia"
15,"Mammalia"
12,"Mammalia"
5,"Mammalia"
17,"Mammalia"
4,"Mammalia"
5,"Mammalia"
3,"Mammalia"
2,"Mammalia"
10,"Mammalia"
6,"Mammalia"
7,"Mammalia"
12,"Mammalia"
4,"Mammalia"
7,"Mammalia"
3,"Mammalia"
11,"Mammalia"
10,"Mammalia"
3,"Mammalia"
1,"Mammalia"
3,"Mammalia"
1,"Mammalia"
9,"Mammalia"
5,"Mammalia"
12,"Mammalia"
9,"Mammalia"
2,"Mammalia"
1,"Mammalia"
18,"Mammalia"
9,"Mammalia"
7,"Mammalia"
1,"Mammalia"
2,"Mammalia"
3,"Mammalia"
6,"Mammalia"
2,"Mammalia"
3,"Mammalia"
1,"Mammalia"
12,"Mammalia"
7,"Mammalia"
3,"Mammalia"
1,"Mammalia"
5,"Mammalia"
5,"Mammalia"
8,"Mammalia"
8,"Mammalia"
7,"Mammalia"
1,"Mammalia"
5,"Mammalia"
1,"Mammalia"
1,"Mammalia"
0,"Mammalia"
4,"Mammalia"
2,"Mammalia"
1,"Mammalia"
6,"Mammalia"
1,"Mammalia"
4,"Mammalia"
2,"Mammalia"
1,"Mammalia"
0,"Mammalia"
0,"Mammalia"
5,"Mammalia"
1,"Mammalia"
4,"Mammalia"
3,"Mammalia"
1,"Mammalia"
15,"Mammalia"
7,"Mammalia"
6,"Mammalia"
4,"Mammalia"
3,"Mammalia"
18,"Mammalia"
12,"Mammalia"
1,"Mammalia"
1,"Mammalia"
1,"Mammalia"
3,"Mammalia"
1,"Mammalia"
8,"Mammalia"
6,"Mammalia"
2,"Mammalia"
11,"Mammalia"
14,"Mammalia"
4,"Mammalia"
11,"Mammalia"
4,"Mammalia"
13,"Mammalia"
7,"Mammalia"
17,"Mammalia"
1,"Mammalia"
2,"Mammalia"
13,"Mammalia"
2,"Mammalia"
3,"Mammalia"
4,"Mammalia"
12,"Mammalia"
14,"Mammalia"
1,"Mammalia"
3,"Mammalia"
1,"Mammalia"
5,"Mammalia"
11,"Mammalia"
9,"Mammalia"
6,"Mammalia"
16,"Mammalia"
10,"Mammalia"
9,"Mammalia"
3,"Mammalia"
14,"Mammalia"
12,"Mammalia"
4,"Mammalia"
15,"Mammalia"
4,"Mammalia"
4,"Mammalia"
15,"Mammalia"
12,"Mammalia"
16,"Mammalia"
4,"Mammalia"
3,"Mammalia"
8,"Mammalia"
9,"Mammalia"
7,"Mammalia"
8,"Mammalia"
8,"Mammalia"
19,"Mammalia"
5,"Mammalia"
4,"Mammalia"
2,"Mammalia"
9,"Mammalia"
7,"Mammalia"
3,"Mammalia"
9,"Mammalia"
16,"Mammalia"
5,"Mammalia"
16,"Mammalia"
5,"Mammalia"
6,"Mammalia"
2,"Mammalia"
16,"Mammalia"
11,"Mammalia"
12,"Mammalia"
2,"Mammalia"
6,"Mammalia"
5,"Mammalia"
16,"Mammalia"
13,"Mammalia"
3,"Mammalia"
8,"Mammalia"
3,"Mammalia"
15,"Mammalia"
3,"Mammalia"
9,"Mammalia"
12,"Mammalia"
1,"Mammalia"
8,"Mammalia"
16,"Mammalia"
3,"Mammalia"
2,"Mammalia"
2,"Mammalia"
4,"Mammalia"
4,"Mammalia"
10,"Mammalia"
10,"Mammalia"
6,"Mammalia"
2,"Mammalia"
7,"Mammalia"
14,"Mammalia"
15,"Mammalia"
5,"Mammalia"
6,"Mammalia"
12,"Mammalia"
16,"Mammalia"
13,"Mammalia"
11,"Mammalia"
4,"Mammalia"
2,"Mammalia"
1,"Mammalia"
5,"Mammalia"
10,"Mammalia"
2,"Mammalia"
6,"Mammalia"
14,"Mammalia"
3,"Mammalia"
7,"Mammalia"
12,"Mammalia"
12,"Mammalia"
1,"Mammalia"
4,"Mammalia"
11,"Mammalia"
1,"Mammalia"
1,"Mammalia"
1,"Mammalia"
7,"Mammalia"
4,"Mammalia"
2,"Mammalia"
3,"Mammalia"
2,"Mammalia"
6,"Mammalia"
10,"Mammalia"
10,"Mammalia"
2,"Mammalia"
9,"Mammalia"
3,"Mammalia"
8,"Mammalia"
8,"Mammalia"
7,"Mammalia"
5,"Mammalia"
3,"Mammalia"
4,"Mammalia"
9,"Mammalia"
1,"Mammalia"
6,"Mammalia"
5,"Mammalia"
4,"Mammalia"
9,"Mammalia"
7,"Mammalia"
2,"Mammalia"
4,"Mammalia"
2,"Mammalia"
1,"Mammalia"
3,"Mammalia"
7,"Mammalia"
3,"Mammalia"
5,"Mammalia"
9,"Mammalia"
1,"Mammalia"
1,"Mammalia"
1,"Mammalia"
9,"Mammalia"
14,"Mammalia"
5,"Mammalia"
13,"Mammalia"
9,"Mammalia"
5,"Mammalia"
8,"Mammalia"
4,"Mammalia"
2,"Mammalia"
5,"Mammalia"
11,"Mammalia"
10,"Mammalia"
6,"Mammalia"
3,"Mammalia"
14,"Mammalia"
6,"Mammalia"
9,"Mammalia"
1,"Mammalia"
0,"Mammalia"
6,"Mammalia"
3,"Mammalia"
3,"Mammalia"
7,"Mammalia"
4,"Mammalia"
1,"Mammalia"
2,"Mammalia"
3,"Mammalia"
1,"Mammalia"
1,"Mammalia"
1,"Mammalia"
1,"Mammalia"
3,"Mammalia"
4,"Mammalia"
1,"Mammalia"
8,"Mammalia"
2,"Mammalia"
9,"Mammalia"
7,"Mammalia"
5,"Mammalia"
10,"Mammalia"
3,"Mammalia"
3,"Mammalia"
10,"Mammalia"
10,"Mammalia"
9,"Mammalia"
8,"Mammalia"
9,"Mammalia"
10,"Mammalia"
6,"Mammalia"
5,"Mammalia"
6,"Mammalia"
5,"Mammalia"
10,"Mammalia"
11,"Mammalia"
7,"Mammalia"
4,"Mammalia"
1,"Mammalia"
1,"Mammalia"
0,"Mammalia"
1,"Mammalia"
2,"Mammalia"
2,"Mammalia"
3,"Mammalia"
8,"Mammalia"
10,"Mammalia"
13,"Mammalia"
5,"Mammalia"
1,"Mammalia"
13,"Mammalia"
1,"Mammalia"
14,"Mammalia"
9,"Mammalia"
17,"Mammalia"
3,"Mammalia"
14,"Mammalia"
13,"Mammalia"
0,"Mammalia"
0,"Mammalia"
1,"Mammalia"
17,"Mammalia"
13,"Mammalia"
13,"Mammalia"
9,"Mammalia"
6,"Mammalia"
1,"Mammalia"
2,"Mammalia"
5,"Mammalia"
11,"Mammalia"
6,"Mammalia"
9,"Mammalia"
5,"Mammalia"
7,"Mammalia"
10,"Mammalia"
18,"Mammalia"
18,"Mammalia"
10,"Mammalia"
9,"Mammalia"
3,"Mammalia"
6,"Mammalia"
14,"Mammalia"
13,"Mammalia"
4,"Mammalia"
6,"Mammalia"
12,"Mammalia"
4,"Mammalia"
1,"Mammalia"
8,"Mammalia"
4,"Mammalia"
18,"Mammalia"
2,"Mammalia"
11,"Mammalia"
3,"Mammalia"
9,"Mammalia"
13,"Mammalia"
6,"Mammalia"
10,"Mammalia"
12,"Mammalia"
14,"Mammalia"
3,"Mammalia"
14,"Mammalia"
11,"Mammalia"
9,"Mammalia"
13,"Mammalia"
4,"Mammalia"
12,"Mammalia"
12,"Mammalia"
3,"Mammalia"
14,"Mammalia"
10,"Mammalia"
10,"Mammalia"
12,"Mammalia"
9,"Mammalia"
10,"Mammalia"
11,"Mammalia"
8,"Mammalia"
2,"Mammalia"
1,"Mammalia"
8,"Mammalia"
4,"Mammalia"
3,"Mammalia"
5,"Mammalia"
1,"Mammalia"
10,"Mammalia"
6,"Mammalia"
12,"Mammalia"
9,"Mammalia"
5,"Mammalia"
4,"Mammalia"
3,"Mammalia"
7,"Mammalia"
2,"Mammalia"
13,"Mammalia"
9,"Mammalia"
11,"Mammalia"
4,"Mammalia"
14,"Mammalia"
10,"Mammalia"
14,"Mammalia"
4,"Mammalia"
13,"Mammalia"
6,"Mammalia"
6,"Mammalia"
11,"Mammalia"
18,"Mammalia"
3,"Mammalia"
12,"Mammalia"
9,"Mammalia"
7,"Mammalia"
14,"Mammalia"
14,"Mammalia"
2,"Mammalia"
4,"Mammalia"
2,"Mammalia"
4,"Mammalia"
9,"Mammalia"
13,"Mammalia"
9,"Mammalia"
11,"Mammalia"
13,"Mammalia"
1,"Mammalia"
11,"Mammalia"
4,"Mammalia"
1,"Mammalia"
6,"Mammalia"
8,"Mammalia"
10,"Mammalia"
2,"Mammalia"
8,"Mammalia"
11,"Mammalia"
5,"Mammalia"
6,"Mammalia"
7,"Mammalia"
1,"Mammalia"
14,"Mammalia"
16,"Mammalia"
7,"Mammalia"
7,"Mammalia"
3,"Mammalia"
10,"Mammalia"
11,"Mammalia"
15,"Mammalia"
1,"Mammalia"
10,"Mammalia"
2,"Mammalia"
11,"Mammalia"
2,"Mammalia"
14,"Mammalia"
10,"Mammalia"
18,"Mammalia"
4,"Mammalia"
12,"Mammalia"
5,"Mammalia"
11,"Mammalia"
5,"Mammalia"
1,"Mammalia"
1,"Mammalia"
7,"Mammalia"
1,"Mammalia"
3,"Mammalia"
10,"Mammalia"
5,"Mammalia"
1,"Mammalia"
10,"Mammalia"
11,"Mammalia"
11,"Mammalia"
0,"Mammalia"
4,"Mammalia"
3,"Mammalia"
3,"Mammalia"
12,"Mammalia"
1,"Mammalia"
8,"Mammalia"
3,"Mammalia"
10,"Mammalia"
5,"Mammalia"
1,"Mammalia"
2,"Mammalia"
4,"Mammalia"
8,"Mammalia"
7,"Mammalia"
10,"Mammalia"
1,"Mammalia"
1,"Mammalia"
1,"Mammalia"
8,"Mammalia"
2,"Mammalia"
10,"Mammalia"
14,"Mammalia"
1,"Mammalia"
10,"Mammalia"
5,"Mammalia"
8,"Mammalia"
6,"Mammalia"
2,"Mammalia"
6,"Mammalia"
8,"Mammalia"
6,"Mammalia"
9,"Mammalia"
2,"Mammalia"
2,"Mammalia"
8,"Mammalia"
10,"Mammalia"
11,"Mammalia"
7,"Mammalia"
7,"Mammalia"
12,"Mammalia"
1,"Mammalia"
2,"Mammalia"
5,"Mammalia"
3,"Mammalia"
1,"Mammalia"
1,"Mammalia"
0,"Mammalia"
1,"Mammalia"
9,"Mammalia"
3,"Mammalia"
6,"Mammalia"
9,"Mammalia"
7,"Mammalia"
1,"Mammalia"
11,"Mammalia"
6,"Mammalia"
1,"Mammalia"
6,"Mammalia"
4,"Mammalia"
3,"Mammalia"
8,"Mammalia"
8,"Mammalia"
4,"Mammalia"
0,"Mammalia"
10,"Mammalia"
4,"Mammalia"
1,"Mammalia"
3,"Mammalia"
1,"Mammalia"
2,"Mammalia"
4,"Mammalia"
3,"Mammalia"
5,"Mammalia"
4,"Mammalia"
4,"Mammalia"
5,"Mammalia"
3,"Mammalia"
5,"Mammalia"
3,"Mammalia"
1,"Mammalia"
2,"Mammalia"
2,"Mammalia"
2,"Mammalia"
2,"Mammalia"
1,"Mammalia"
2,"Mammalia"
1,"Mammalia"
2,"Mammalia"
2,"Mammalia"
1,"Mammalia"
6,"Mammalia"
5,"Mammalia"
5,"Mammalia"
4,"Mammalia"
1,"Mammalia"
6,"Mammalia"
2,"Mammalia"
5,"Mammalia"
4,"Mammalia"
1,"Mammalia"
7,"Mammalia"
3,"Mammalia"
4,"Mammalia"
1,"Mammalia"
0,"Mammalia"
2,"Mammalia"
2,"Mammalia"
2,"Mammalia"
1,"Mammalia"
5,"Mammalia"
3,"Mammalia"
5,"Mammalia"
6,"Mammalia"
3,"Mammalia"
7,"Mammalia"
1,"Mammalia"
2,"Mammalia"
7,"Mammalia"
4,"Mammalia"
1,"Mammalia"
1,"Mammalia"
1,"Mammalia"
4,"Mammalia"
2,"Mammalia"
1,"Mammalia"
1,"Mammalia"
6,"Mammalia"
2,"Mammalia"
6,"Mammalia"
1,"Mammalia"
4,"Mammalia"
9,"Mammalia"
4,"Mammalia"
4,"Mammalia"
5,"Mammalia"
3,"Mammalia"
3,"Mammalia"
7,"Mammalia"
8,"Mammalia"
3,"Mammalia"
1,"Mammalia"
1,"Mammalia"
5,"Mammalia"
3,"Mammalia"
6,"Mammalia"
3,"Mammalia"
8,"Mammalia"
3,"Mammalia"
2,"Mammalia"
8,"Mammalia"
6,"Mammalia"
6,"Mammalia"
5,"Mammalia"
8,"Mammalia"
4,"Mammalia"
3,"Mammalia"
3,"Mammalia"
2,"Mammalia"
5,"Mammalia"
4,"Mammalia"
8,"Mammalia"
4,"Mammalia"
1,"Mammalia"
3,"Mammalia"
3,"Mammalia"
2,"Mammalia"
2,"Mammalia"
7,"Mammalia"
4,"Mammalia"
4,"Mammalia"
1,"Mammalia"
2,"Mammalia"
2,"Mammalia"
2,"Mammalia"
3,"Mammalia"
5,"Mammalia"
4,"Mammalia"
3,"Mammalia"
3,"Mammalia"
1,"Mammalia"
3,"Mammalia"
7,"Mammalia"
5,"Mammalia"
9,"Mammalia"
2,"Mammalia"
1,"Mammalia"
3,"Mammalia"
5,"Mammalia"
4,"Mammalia"
4,"Mammalia"
1,"Mammalia"
7,"Mammalia"
1,"Mammalia"
4,"Mammalia"
3,"Mammalia"
8,"Mammalia"
5,"Mammalia"
5,"Mammalia"
2,"Mammalia"
2,"Mammalia"
3,"Mammalia"
2,"Mammalia"
1,"Mammalia"
1,"Mammalia"
2,"Mammalia"
3,"Mammalia"
1,"Mammalia"
4,"Mammalia"
2,"Mammalia"
1,"Mammalia"
8,"Mammalia"
5,"Mammalia"
2,"Mammalia"
8,"Mammalia"
8,"Mammalia"
3,"Mammalia"
2,"Mammalia"
3,"Mammalia"
3,"Mammalia"
5,"Mammalia"
3,"Mammalia"
3,"Mammalia"
2,"Mammalia"
1,"Mammalia"
1,"Mammalia"
2,"Mammalia"
1,"Mammalia"
1,"Mammalia"
3,"Mammalia"
6,"Mammalia"
6,"Mammalia"
1,"Mammalia"
1,"Mammalia"
2,"Mammalia"
2,"Mammalia"
1,"Mammalia"
3,"Mammalia"
1,"Mammalia"
3,"Mammalia"
1,"Mammalia"
4,"Mammalia"
5,"Mammalia"
8,"Mammalia"
3,"Mammalia"
2,"Mammalia"
3,"Mammalia"
1,"Mammalia"
5,"Mammalia"
6,"Mammalia"
4,"Mammalia"
3,"Mammalia"
6,"Mammalia"
2,"Mammalia"
3,"Mammalia"
1,"Mammalia"
2,"Mammalia"
4,"Mammalia"
2,"Mammalia"
2,"Mammalia"
2,"Mammalia"
2,"Mammalia"
4,"Mammalia"
7,"Mammalia"
3,"Mammalia"
1,"Mammalia"
1,"Mammalia"
9,"Mammalia"
4,"Mammalia"
3,"Mammalia"
3,"Mammalia"
5,"Mammalia"
2,"Mammalia"
5,"Mammalia"
6,"Mammalia"
2,"Mammalia"
0,"Mammalia"
2,"Mammalia"
4,"Mammalia"
5,"Mammalia"
5,"Mammalia"
5,"Mammalia"
5,"Mammalia"
5,"Mammalia"
2,"Mammalia"
3,"Mammalia"
7,"Mammalia"
4,"Mammalia"
4,"Mammalia"
1,"Mammalia"
2,"Mammalia"
5,"Mammalia"
2,"Mammalia"
2,"Mammalia"
3,"Mammalia"
4,"Mammalia"
3,"Mammalia"
6,"Mammalia"
4,"Mammalia"
6,"Mammalia"
2,"Mammalia"
5,"Mammalia"
1,"Mammalia"
8,"Mammalia"
4,"Mammalia"
3,"Mammalia"
3,"Mammalia"
3,"Mammalia"
4,"Mammalia"
4,"Mammalia"
4,"Mammalia"
2,"Mammalia"
3,"Mammalia"
3,"Mammalia"
8,"Mammalia"
2,"Mammalia"
8,"Mammalia"
3,"Mammalia"
1,"Mammalia"
4,"Mammalia"
1,"Mammalia"
6,"Mammalia"
3,"Mammalia"
7,"Mammalia"
6,"Mammalia"
3,"Mammalia"
4,"Mammalia"
1,"Mammalia"
4,"Mammalia"
5,"Mammalia"
6,"Mammalia"
3,"Mammalia"
3,"Mammalia"
1,"Mammalia"
3,"Mammalia"
1,"Mammalia"
3,"Mammalia"
2,"Mammalia"
2,"Mammalia"
1,"Mammalia"
1,"Mammalia"
3,"Mammalia"
1,"Mammalia"
1,"Mammalia"
1,"Mammalia"
6,"Mammalia"
5,"Mammalia"
4,"Mammalia"
4,"Mammalia"
5,"Mammalia"
3,"Mammalia"
0,"Mammalia"
0,"Mammalia"
4,"Mammalia"
5,"Mammalia"
3,"Mammalia"
5,"Mammalia"
2,"Mammalia"
5,"Mammalia"
5,"Mammalia"
8,"Mammalia"
1,"Mammalia"
6,"Mammalia"
0,"Mammalia"
4,"Mammalia"
1,"Mammalia"
1,"Mammalia"
8,"Mammalia"
1,"Mammalia"
2,"Mammalia"
8,"Mammalia"
3,"Mammalia"
1,"Mammalia"
5,"Mammalia"
1,"Mammalia"
7,"Mammalia"
2,"Mammalia"
2,"Mammalia"
2,"Mammalia"
2,"Mammalia"
2,"Mammalia"
3,"Mammalia"
1,"Mammalia"
4,"Mammalia"
10,"Mammalia"
6,"Mammalia"
5,"Mammalia"
2,"Mammalia"
9,"Mammalia"
3,"Mammalia"
1,"Mammalia"
1,"Mammalia"
3,"Mammalia"
2,"Mammalia"
0,"Mammalia"
8,"Mammalia"
3,"Mammalia"
1,"Mammalia"
5,"Mammalia"
8,"Mammalia"
8,"Mammalia"
5,"Mammalia"
13,"Mammalia"
10,"Mammalia"
4,"Mammalia"
0,"Mammalia"
3,"Mammalia"
3,"Mammalia"
5,"Mammalia"
1,"Mammalia"
2,"Mammalia"
4,"Mammalia"
2,"Mammalia"
2,"Mammalia"
5,"Mammalia"
0,"Mammalia"
1,"Mammalia"
3,"Mammalia"
1,"Mammalia"
2,"Mammalia"
3,"Mammalia"
1,"Mammalia"
2,"Mammalia"
12,"Mammalia"
7,"Mammalia"
7,"Mammalia"
1,"Mammalia"
1,"Mammalia"
0,"Mammalia"
1,"Mammalia"
1,"Mammalia"
4,"Mammalia"
1,"Mammalia"
0,"Mammalia"
4,"Mammalia"
1,"Mammalia"
2,"Mammalia"
2,"Mammalia"
1,"Mammalia"
1,"Mammalia"
0,"Mammalia"
9,"Mammalia"
9,"Mammalia"
7,"Mammalia"
2,"Mammalia"
1,"Mammalia"
3,"Mammalia"
1,"Mammalia"
9,"Mammalia"
1,"Mammalia"
3,"Mammalia"
1,"Mammalia"
2,"Mammalia"
7,"Mammalia"
4,"Mammalia"
3,"Mammalia"
6,"Mammalia"
1,"Mammalia"
0,"Mammalia"
2,"Mammalia"
1,"Mammalia"
1,"Mammalia"
1,"Mammalia"
4,"Mammalia"
1,"Mammalia"
7,"Mammalia"
1,"Mammalia"
1,"Mammalia"
1,"Mammalia"
2,"Mammalia"
1,"Mammalia"
1,"Mammalia"
0,"Mammalia"
0,"Mammalia"
1,"Mammalia"
1,"Mammalia"
1,"Mammalia"
1,"Mammalia"
0,"Mammalia"
0,"Mammalia"
0,"Mammalia"
2,"Mammalia"
1,"Mammalia"
1,"Mammalia"
1,"Mammalia"
1,"Mammalia"
2,"Mammalia"
5,"Mammalia"
3,"Mammalia"
4,"Mammalia"
5,"Mammalia"
7,"Mammalia"
6,"Mammalia"
4,"Mammalia"
5,"Mammalia"
3,"Mammalia"
2,"Mammalia"
1,"Mammalia"
8,"Mammalia"
1,"Mammalia"
1,"Mammalia"
5,"Mammalia"
7,"Mammalia"
2,"Mammalia"
2,"Mammalia"
6,"Mammalia"
4,"Mammalia"
7,"Mammalia"
4,"Mammalia"
3,"Mammalia"
2,"Mammalia"
1,"Mammalia"
2,"Mammalia"
4,"Mammalia"
0,"Mammalia"
3,"Mammalia"
5,"Mammalia"
5,"Mammalia"
2,"Mammalia"
2,"Mammalia"
5,"Mammalia"
2,"Mammalia"
1,"Mammalia"
4,"Mammalia"
3,"Mammalia"
6,"Mammalia"
2,"Mammalia"
1,"Mammalia"
6,"Mammalia"
1,"Mammalia"
1,"Mammalia"
1,"Mammalia"
2,"Mammalia"
1,"Mammalia"
1,"Mammalia"
4,"Mammalia"
1,"Mammalia"
7,"Mammalia"
8,"Mammalia"
5,"Mammalia"
1,"Mammalia"
1,"Mammalia"
3,"Mammalia"
8,"Mammalia"
8,"Mammalia"
3,"Mammalia"
3,"Mammalia"
1,"Mammalia"
1,"Mammalia"
0,"Mammalia"
3,"Mammalia"
7,"Mammalia"
5,"Mammalia"
2,"Mammalia"
7,"Mammalia"
3,"Mammalia"
4,"Mammalia"
4,"Mammalia"
4,"Mammalia"
3,"Mammalia"
1,"Mammalia"
0,"Mammalia"
2,"Mammalia"
1,"Mammalia"
3,"Mammalia"
4,"Mammalia"
5,"Mammalia"
1,"Mammalia"
2,"Mammalia"
1,"Mammalia"
2,"Mammalia"
6,"Mammalia"
1,"Mammalia"
3,"Mammalia"
7,"Mammalia"
4,"Mammalia"
2,"Mammalia"
2,"Mammalia"
1,"Mammalia"
1,"Mammalia"
6,"Mammalia"
5,"Mammalia"
2,"Mammalia"
2,"Mammalia"
1,"Mammalia"
3,"Mammalia"
2,"Mammalia"
7,"Mammalia"
2,"Mammalia"
1,"Mammalia"
2,"Mammalia"
2,"Mammalia"
0,"Mammalia"
2,"Mammalia"
4,"Mammalia"
3,"Mammalia"
1,"Mammalia"
1,"Mammalia"
1,"Mammalia"
1,"Mammalia"
1,"Mammalia"
1,"Mammalia"
1,"Mammalia"
1,"Mammalia"
4,"Mammalia"
1,"Mammalia"
7,"Mammalia"
4,"Mammalia"
6,"Mammalia"
8,"Mammalia"
1,"Mammalia"
4,"Mammalia"
7,"Mammalia"
5,"Mammalia"
3,"Mammalia"
2,"Mammalia"
6,"Mammalia"
0,"Mammalia"
1,"Mammalia"
6,"Mammalia"
2,"Mammalia"
2,"Mammalia"
3,"Mammalia"
6,"Mammalia"
5,"Mammalia"
2,"Mammalia"
1,"Mammalia"
4,"Mammalia"
0,"Mammalia"
4,"Mammalia"
1,"Mammalia"
1,"Mammalia"
3,"Mammalia"
1,"Mammalia"
1,"Mammalia"
1,"Mammalia"
2,"Mammalia"
3,"Mammalia"
1,"Mammalia"
3,"Mammalia"
2,"Mammalia"
5,"Mammalia"
5,"Mammalia"
3,"Mammalia"
1,"Mammalia"
7,"Mammalia"
2,"Mammalia"
1,"Mammalia"
3,"Mammalia"
6,"Mammalia"
1,"Mammalia"
1,"Mammalia"
1,"Mammalia"
1,"Mammalia"
3,"Mammalia"
2,"Mammalia"
8,"Mammalia"
8,"Mammalia"
3,"Mammalia"
1,"Mammalia"
2,"Mammalia"
2,"Mammalia"
2,"Mammalia"
1,"Mammalia"
1,"Mammalia"
8,"Mammalia"
4,"Mammalia"
2,"Mammalia"
2,"Mammalia"
4,"Mammalia"
1,"Mammalia"
8,"Mammalia"
4,"Mammalia"
2,"Mammalia"
4,"Mammalia"
2,"Mammalia"
4,"Mammalia"
1,"Mammalia"
3,"Mammalia"
2,"Mammalia"
1,"Mammalia"
0,"Mammalia"
1,"Mammalia"
3,"Mammalia"
1,"Mammalia"
9,"Mammalia"
1,"Mammalia"
1,"Mammalia"
4,"Mammalia"
7,"Mammalia"
3,"Mammalia"
6,"Mammalia"
1,"Mammalia"
3,"Mammalia"
1,"Mammalia"
1,"Mammalia"
1,"Mammalia"
1,"Mammalia"
2,"Mammalia"
2,"Mammalia"
4,"Mammalia"
6,"Mammalia"
2,"Mammalia"
2,"Mammalia"
6,"Mammalia"
3,"Mammalia"
7,"Mammalia"
1,"Mammalia"
1,"Mammalia"
3,"Mammalia"
3,"Mammalia"
2,"Mammalia"
2,"Mammalia"
3,"Mammalia"
2,"Mammalia"
3,"Mammalia"
1,"Mammalia"
4,"Mammalia"
3,"Mammalia"
5,"Mammalia"
2,"Mammalia"
4,"Mammalia"
1,"Mammalia"
4,"Mammalia"
2,"Mammalia"
3,"Mammalia"
1,"Mysticeti"
2,"Mysticeti"
8,"Mysticeti"
5,"Mysticeti"
2,"Mysticeti"
1,"Mysticeti"
2,"Mysticeti"
1,"Mysticeti"
3,"Mysticeti"
2,"Mysticeti"
1,"Mysticeti"
1,"Mysticeti"
2,"Mysticeti"
2,"Mysticeti"
3,"Mysticeti"
6,"Mysticeti"
1,"Mysticeti"
1,"Mysticeti"
1,"Mysticeti"
2,"Mysticeti"
1,"Mysticeti"
2,"Mysticeti"
2,"Mysticeti"
1,"Mysticeti"
2,"Mysticeti"
1,"Mysticeti"
1,"Mysticeti"
1,"Mysticeti"
1,"Mysticeti"
1,"Mysticeti"
2,"Mysticeti"
2,"Mysticeti"
3,"Mysticeti"
5,"Mysticeti"
1,"Mysticeti"
2,"Mysticeti"
5,"Mysticeti"
4,"Mysticeti"
2,"Mysticeti"
2,"Mysticeti"
1,"Mysticeti"
1,"Mysticeti"
3,"Mysticeti"
1,"Mysticeti"
1,"Mysticeti"
2,"Mysticeti"
3,"Mysticeti"
3,"Mysticeti"
9,"Mysticeti"
4,"Mysticeti"
3,"Mysticeti"
1,"Mysticeti"
4,"Mysticeti"
4,"Mysticeti"
2,"Mysticeti"
2,"Mysticeti"
7,"Mysticeti"
4,"Mysticeti"
8,"Mysticeti"
7,"Mysticeti"
3,"Mysticeti"
3,"Mysticeti"
2,"Mysticeti"
3,"Mysticeti"
5,"Mysticeti"
1,"Mysticeti"
6,"Mysticeti"
5,"Mysticeti"
8,"Mysticeti"
5,"Mysticeti"
4,"Mysticeti"
4,"Mysticeti"
2,"Mysticeti"
3,"Mysticeti"
6,"Mysticeti"
4,"Mysticeti"
4,"Mysticeti"
8,"Mysticeti"
7,"Mysticeti"
2,"Mysticeti"
1,"Mysticeti"
7,"Mysticeti"
5,"Mysticeti"
4,"Mysticeti"
7,"Mysticeti"
4,"Mysticeti"
6,"Mysticeti"
5,"Mysticeti"
7,"Mysticeti"
1,"Mysticeti"
6,"Mysticeti"
1,"Mysticeti"
2,"Mysticeti"
1,"Mysticeti"
3,"Mysticeti"
1,"Mysticeti"
4,"Mysticeti"
2,"Mysticeti"
6,"Mysticeti"
1,"Mysticeti"
5,"Mysticeti"
6,"Mysticeti"
1,"Mysticeti"
10,"Mysticeti"
1,"Mysticeti"
4,"Mysticeti"
3,"Mysticeti"
1,"Mysticeti"
6,"Mysticeti"
4,"Mysticeti"
1,"Mysticeti"
7,"Mysticeti"
4,"Mysticeti"
8,"Mysticeti"
4,"Mysticeti"
8,"Mysticeti"
1,"Mysticeti"
3,"Mysticeti"
5,"Mysticeti"
3,"Mysticeti"
5,"Mysticeti"
3,"Mysticeti"
3,"Mysticeti"
1,"Mysticeti"
6,"Mysticeti"
4,"Mysticeti"
1,"Mysticeti"
4,"Mysticeti"
8,"Mysticeti"
2,"Mysticeti"
5,"Mysticeti"
6,"Mysticeti"
11,"Mysticeti"
1,"Mysticeti"
8,"Mysticeti"
3,"Mysticeti"
1,"Mysticeti"
4,"Mysticeti"
5,"Mysticeti"
2,"Mysticeti"
5,"Mysticeti"
4,"Mysticeti"
8,"Mysticeti"
1,"Mysticeti"
1,"Mysticeti"
1,"Mysticeti"
7,"Mysticeti"
4,"Mysticeti"
1,"Mysticeti"
6,"Mysticeti"
1,"Mysticeti"
4,"Mysticeti"
9,"Mysticeti"
4,"Mysticeti"
11,"Mysticeti"
1,"Mysticeti"
5,"Mysticeti"
2,"Mysticeti"
2,"Mysticeti"
1,"Mysticeti"
2,"Mysticeti"
7,"Mysticeti"
1,"Mysticeti"
2,"Mysticeti"
6,"Mysticeti"
2,"Mysticeti"
1,"Mysticeti"
3,"Mysticeti"
3,"Mysticeti"
1,"Mysticeti"
3,"Mysticeti"
2,"Mysticeti"
3,"Mysticeti"
6,"Mysticeti"
2,"Mysticeti"
2,"Mysticeti"
1,"Mysticeti"
1,"Mysticeti"
3,"Mysticeti"
5,"Mysticeti"
3,"Mysticeti"
5,"Mysticeti"
2,"Mysticeti"
3,"Mysticeti"
8,"Mysticeti"
3,"Mysticeti"
2,"Mysticeti"
1,"Mysticeti"
2,"Mysticeti"
4,"Mysticeti"
2,"Mysticeti"
2,"Mysticeti"
2,"Mysticeti"
4,"Mysticeti"
3,"Mysticeti"
4,"Mysticeti"
3,"Mysticeti"
1,"Mysticeti"
2,"Mysticeti"
7,"Mysticeti"
1,"Mysticeti"
4,"Mysticeti"
2,"Mysticeti"
1,"Mysticeti"
3,"Mysticeti"
1,"Mysticeti"
2,"Mysticeti"
3,"Mysticeti"
1,"Mysticeti"
2,"Mysticeti"
1,"Mysticeti"
1,"Mysticeti"
4,"Panarthropoda"
5,"Panarthropoda"
1,"Panarthropoda"
1,"Panarthropoda"
2,"Panarthropoda"
3,"Panarthropoda"
1,"Panarthropoda"
2,"Panarthropoda"
1,"Panarthropoda"
2,"Panarthropoda"
2,"Panarthropoda"
2,"Panarthropoda"
1,"Panarthropoda"
1,"Panarthropoda"
2,"Panarthropoda"
1,"Panarthropoda"
4,"Panarthropoda"
1,"Panarthropoda"
2,"Panarthropoda"
5,"Panarthropoda"
1,"Panarthropoda"
3,"Panarthropoda"
3,"Panarthropoda"
6,"Panarthropoda"
2,"Panarthropoda"
2,"Panarthropoda"
3,"Panarthropoda"
1,"Panarthropoda"
1,"Panarthropoda"
1,"Panarthropoda"
12,"Panarthropoda"
7,"Panarthropoda"
1,"Panarthropoda"
1,"Panarthropoda"
1,"Panarthropoda"
1,"Panarthropoda"
1,"Panarthropoda"
1,"Panarthropoda"
6,"Panarthropoda"
2,"Panarthropoda"
1,"Panarthropoda"
1,"Panarthropoda"
8,"Panarthropoda"
5,"Panarthropoda"
1,"Panarthropoda"
2,"Panarthropoda"
1,"Panarthropoda"
3,"Panarthropoda"
9,"Panarthropoda"
2,"Panarthropoda"
4,"Panarthropoda"
2,"Panarthropoda"
1,"Panarthropoda"
2,"Panarthropoda"
1,"Panarthropoda"
1,"Panarthropoda"
1,"Panarthropoda"
1,"Panarthropoda"
1,"Panarthropoda"
1,"Panarthropoda"
1,"Panarthropoda"
2,"Panarthropoda"
2,"Panarthropoda"
1,"Panarthropoda"
1,"Panarthropoda"
3,"Panarthropoda"
2,"Panarthropoda"
3,"Panarthropoda"
1,"Panarthropoda"
2,"Panarthropoda"
2,"Panarthropoda"
3,"Panarthropoda"
2,"Panarthropoda"
1,"Panarthropoda"
2,"Panarthropoda"
2,"Panarthropoda"
1,"Panarthropoda"
5,"Panarthropoda"
2,"Panarthropoda"
1,"Panarthropoda"
1,"Panarthropoda"
3,"Panarthropoda"
1,"Panarthropoda"
1,"Panarthropoda"
1,"Panarthropoda"
1,"Panarthropoda"
1,"Panarthropoda"
1,"Panarthropoda"
1,"Panarthropoda"
1,"Panarthropoda"
1,"Panarthropoda"
1,"Panarthropoda"
1,"Panarthropoda"
1,"Panarthropoda"
1,"Panarthropoda"
1,"Panarthropoda"
1,"Panarthropoda"
1,"Panarthropoda"
3,"Panarthropoda"
3,"Panarthropoda"
15,"Panarthropoda"
3,"Panarthropoda"
1,"Panarthropoda"
1,"Panarthropoda"
1,"Panarthropoda"
1,"Panarthropoda"
1,"Panarthropoda"
1,"Panarthropoda"
1,"Panarthropoda"
1,"Panarthropoda"
1,"Panarthropoda"
2,"Panarthropoda"
1,"Panarthropoda"
2,"Panarthropoda"
1,"Panarthropoda"
1,"Panarthropoda"
1,"Panarthropoda"
3,"Panarthropoda"
2,"Panarthropoda"
1,"Panarthropoda"
1,"Panarthropoda"
13,"Panarthropoda"
10,"Panarthropoda"
2,"Panarthropoda"
1,"Panarthropoda"
4,"Panarthropoda"
2,"Panarthropoda"
1,"Panarthropoda"
7,"Panarthropoda"
2,"Panarthropoda"
2,"Panarthropoda"
2,"Panarthropoda"
4,"Panarthropoda"
2,"Panarthropoda"
1,"Panarthropoda"
1,"Panarthropoda"
3,"Panarthropoda"
5,"Panarthropoda"
3,"Panarthropoda"
1,"Panarthropoda"
2,"Panarthropoda"
2,"Panarthropoda"
2,"Panarthropoda"
1,"Panarthropoda"
2,"Panarthropoda"
1,"Panarthropoda"
2,"Panarthropoda"
2,"Panarthropoda"
2,"Panarthropoda"
8,"Panarthropoda"
1,"Panarthropoda"
2,"Panarthropoda"
1,"Panarthropoda"
10,"Panarthropoda"
2,"Panarthropoda"
1,"Panarthropoda"
4,"Panarthropoda"
7,"Panarthropoda"
2,"Panarthropoda"
1,"Panarthropoda"
3,"Panarthropoda"
1,"Panarthropoda"
3,"Panarthropoda"
1,"Panarthropoda"
1,"Panarthropoda"
3,"Panarthropoda"
1,"Panarthropoda"
1,"Panarthropoda"
1,"Panarthropoda"
1,"Panarthropoda"
1,"Panarthropoda"
1,"Panarthropoda"
3,"Panarthropoda"
2,"Panarthropoda"
2,"Panarthropoda"
1,"Panarthropoda"
1,"Panarthropoda"
2,"Panarthropoda"
1,"Panarthropoda"
1,"Panarthropoda"
2,"Panarthropoda"
1,"Panarthropoda"
1,"Panarthropoda"
10,"Panarthropoda"
1,"Panarthropoda"
2,"Panarthropoda"
1,"Panarthropoda"
1,"Panarthropoda"
1,"Panarthropoda"
1,"Panarthropoda"
1,"Panarthropoda"
3,"Panarthropoda"
2,"Panarthropoda"
2,"Panarthropoda"
2,"Panarthropoda"
2,"Panarthropoda"
2,"Panarthropoda"
2,"Panarthropoda"
2,"Panarthropoda"
1,"Panarthropoda"
1,"Panarthropoda"
1,"Panarthropoda"
2,"Panarthropoda"
1,"Panarthropoda"
1,"Panarthropoda"
2,"Panarthropoda"
1,"Panarthropoda"
1,"Panarthropoda"
3,"Panarthropoda"
3,"Panarthropoda"
1,"Panarthropoda"
1,"Panarthropoda"
1,"Panarthropoda"
2,"Panarthropoda"
1,"Panarthropoda"
1,"Panarthropoda"
1,"Panarthropoda"
1,"Panarthropoda"
1,"Panarthropoda"
1,"Panarthropoda"
2,"Panarthropoda"
1,"Panarthropoda"
1,"Panarthropoda"
3,"Panarthropoda"
1,"Panarthropoda"
3,"Panarthropoda"
1,"Panarthropoda"
1,"Panarthropoda"
1,"Panarthropoda"
4,"Panarthropoda"
1,"Panarthropoda"
1,"Panarthropoda"
1,"Panarthropoda"
2,"Panarthropoda"
1,"Panarthropoda"
2,"Panarthropoda"
2,"Panarthropoda"
1,"Panarthropoda"
1,"Panarthropoda"
1,"Panarthropoda"
1,"Panarthropoda"
1,"Panarthropoda"
2,"Panarthropoda"
2,"Panarthropoda"
4,"Panarthropoda"
2,"Panarthropoda"
2,"Panarthropoda"
1,"Panarthropoda"
1,"Panarthropoda"
1,"Panarthropoda"
1,"Panarthropoda"
2,"Panarthropoda"
3,"Panarthropoda"
6,"Panarthropoda"
1,"Panarthropoda"
2,"Panarthropoda"
2,"Panarthropoda"
1,"Panarthropoda"
2,"Panarthropoda"
2,"Panarthropoda"
1,"Panarthropoda"
1,"Panarthropoda"
2,"Panarthropoda"
1,"Panarthropoda"
2,"Panarthropoda"
3,"Panarthropoda"
2,"Panarthropoda"
1,"Panarthropoda"
1,"Panarthropoda"
2,"Panarthropoda"
9,"Panarthropoda"
2,"Panarthropoda"
1,"Panarthropoda"
1,"Panarthropoda"
3,"Panarthropoda"
1,"Panarthropoda"
4,"Panarthropoda"
1,"Panarthropoda"
1,"Panarthropoda"
2,"Panarthropoda"
2,"Panarthropoda"
1,"Panarthropoda"
7,"Panarthropoda"
1,"Panarthropoda"
1,"Panarthropoda"
1,"Panarthropoda"
1,"Panarthropoda"
1,"Panarthropoda"
1,"Panarthropoda"
1,"Panarthropoda"
1,"Panarthropoda"
2,"Panarthropoda"
1,"Panarthropoda"
1,"Panarthropoda"
2,"Panarthropoda"
1,"Panarthropoda"
1,"Panarthropoda"
2,"Panarthropoda"
1,"Panarthropoda"
2,"Panarthropoda"
1,"Panarthropoda"
1,"Panarthropoda"
3,"Panarthropoda"
2,"Panarthropoda"
1,"Panarthropoda"
1,"Panarthropoda"
3,"Panarthropoda"
3,"Panarthropoda"
2,"Panarthropoda"
3,"Panarthropoda"
2,"Panarthropoda"
2,"Panarthropoda"
1,"Panarthropoda"
2,"Panarthropoda"
2,"Panarthropoda"
2,"Panarthropoda"
2,"Panarthropoda"
1,"Panarthropoda"
1,"Panarthropoda"
2,"Panarthropoda"
3,"Panarthropoda"
4,"Panarthropoda"
3,"Panarthropoda"
2,"Panarthropoda"
1,"Panarthropoda"
1,"Panarthropoda"
1,"Panarthropoda"
1,"Panarthropoda"
2,"Panarthropoda"
1,"Panarthropoda"
2,"Panarthropoda"
2,"Panarthropoda"
2,"Panarthropoda"
2,"Panarthropoda"
2,"Panarthropoda"
2,"Panarthropoda"
1,"Panarthropoda"
2,"Panarthropoda"
3,"Panarthropoda"
2,"Panarthropoda"
1,"Panarthropoda"
1,"Panarthropoda"
1,"Panarthropoda"
1,"Panarthropoda"
2,"Panarthropoda"
1,"Panarthropoda"
1,"Panarthropoda"
1,"Panarthropoda"
1,"Panarthropoda"
1,"Panarthropoda"
1,"Panarthropoda"
1,"Panarthropoda"
1,"Panarthropoda"
1,"Panarthropoda"
4,"Panarthropoda"
1,"Panarthropoda"
2,"Panarthropoda"
3,"Panarthropoda"
1,"Panarthropoda"
1,"Panarthropoda"
1,"Panarthropoda"
1,"Panarthropoda"
1,"Panarthropoda"
1,"Panarthropoda"
2,"Panarthropoda"
5,"Panarthropoda"
1,"Panarthropoda"
1,"Panarthropoda"
4,"Panarthropoda"
2,"Panarthropoda"
3,"Panarthropoda"
1,"Panarthropoda"
2,"Panarthropoda"
2,"Panarthropoda"
1,"Panarthropoda"
2,"Panarthropoda"
1,"Panarthropoda"
1,"Panarthropoda"
1,"Panarthropoda"
3,"Panarthropoda"
1,"Panarthropoda"
1,"Panarthropoda"
1,"Panarthropoda"
1,"Panarthropoda"
2,"Panarthropoda"
4,"Panarthropoda"
2,"Panarthropoda"
1,"Panarthropoda"
2,"Panarthropoda"
3,"Panarthropoda"
1,"Panarthropoda"
1,"Panarthropoda"
2,"Panarthropoda"
1,"Panarthropoda"
1,"Panarthropoda"
1,"Panarthropoda"
1,"Panarthropoda"
2,"Panarthropoda"
2,"Panarthropoda"
1,"Panarthropoda"
1,"Panarthropoda"
1,"Panarthropoda"
3,"Panarthropoda"
1,"Panarthropoda"
4,"Panarthropoda"
1,"Panarthropoda"
1,"Panarthropoda"
2,"Panarthropoda"
32,"Panarthropoda"
1,"Panarthropoda"
12,"Panarthropoda"
3,"Panarthropoda"
1,"Panarthropoda"
1,"Panarthropoda"
1,"Panarthropoda"
3,"Panarthropoda"
3,"Panarthropoda"
1,"Panarthropoda"
1,"Panarthropoda"
1,"Panarthropoda"
2,"Panarthropoda"
1,"Panarthropoda"
3,"Panarthropoda"
1,"Panarthropoda"
1,"Panarthropoda"
3,"Panarthropoda"
1,"Panarthropoda"
1,"Panarthropoda"
2,"Panarthropoda"
1,"Panarthropoda"
3,"Panarthropoda"
1,"Panarthropoda"
1,"Panarthropoda"
1,"Panarthropoda"
2,"Panarthropoda"
2,"Panarthropoda"
1,"Panarthropoda"
5,"Panarthropoda"
2,"Panarthropoda"
1,"Panarthropoda"
2,"Panarthropoda"
1,"Panarthropoda"
1,"Panarthropoda"
2,"Panarthropoda"
2,"Panarthropoda"
3,"Panarthropoda"
2,"Panarthropoda"
2,"Panarthropoda"
2,"Panarthropoda"
4,"Panarthropoda"
1,"Panarthropoda"
2,"Panarthropoda"
2,"Panarthropoda"
3,"Panarthropoda"
4,"Panarthropoda"
4,"Panarthropoda"
1,"Panarthropoda"
3,"Panarthropoda"
2,"Panarthropoda"
2,"Panarthropoda"
2,"Panarthropoda"
1,"Panarthropoda"
2,"Panarthropoda"
1,"Panarthropoda"
3,"Panarthropoda"
6,"Panarthropoda"
1,"Panarthropoda"
1,"Panarthropoda"
4,"Panarthropoda"
1,"Panarthropoda"
2,"Panarthropoda"
1,"Panarthropoda"
1,"Panarthropoda"
2,"Panarthropoda"
1,"Panarthropoda"
3,"Panarthropoda"
4,"Panarthropoda"
3,"Panarthropoda"
2,"Panarthropoda"
2,"Panarthropoda"
1,"Panarthropoda"
1,"Panarthropoda"
1,"Panarthropoda"
2,"Panarthropoda"
3,"Panarthropoda"
1,"Panarthropoda"
4,"Panarthropoda"
2,"Panarthropoda"
2,"Panarthropoda"
3,"Panarthropoda"
1,"Panarthropoda"
2,"Panarthropoda"
1,"Panarthropoda"
4,"Panarthropoda"
1,"Panarthropoda"
2,"Panarthropoda"
1,"Panarthropoda"
5,"Panarthropoda"
1,"Panarthropoda"
3,"Panarthropoda"
2,"Panarthropoda"
4,"Panarthropoda"
1,"Panarthropoda"
1,"Panarthropoda"
1,"Panarthropoda"
1,"Panarthropoda"
1,"Panarthropoda"
1,"Panarthropoda"
1,"Panarthropoda"
2,"Panarthropoda"
1,"Panarthropoda"
1,"Panarthropoda"
1,"Panarthropoda"
1,"Panarthropoda"
1,"Panarthropoda"
2,"Panarthropoda"
2,"Panarthropoda"
1,"Panarthropoda"
2,"Panarthropoda"
1,"Panarthropoda"
2,"Panarthropoda"
1,"Panarthropoda"
1,"Panarthropoda"
1,"Panarthropoda"
1,"Panarthropoda"
6,"Panarthropoda"
5,"Panarthropoda"
1,"Panarthropoda"
2,"Panarthropoda"
1,"Panarthropoda"
3,"Panarthropoda"
2,"Panarthropoda"
1,"Panarthropoda"
1,"Panarthropoda"
2,"Panarthropoda"
5,"Panarthropoda"
1,"Panarthropoda"
2,"Panarthropoda"
1,"Panarthropoda"
1,"Panarthropoda"
2,"Panarthropoda"
1,"Panarthropoda"
2,"Panarthropoda"
2,"Panarthropoda"
1,"Panarthropoda"
1,"Panarthropoda"
4,"Panarthropoda"
2,"Panarthropoda"
1,"Panarthropoda"
1,"Panarthropoda"
3,"Panarthropoda"
1,"Panarthropoda"
1,"Panarthropoda"
2,"Panarthropoda"
1,"Panarthropoda"
2,"Panarthropoda"
2,"Panarthropoda"
1,"Panarthropoda"
2,"Panarthropoda"
2,"Panarthropoda"
2,"Panarthropoda"
1,"Panarthropoda"
2,"Panarthropoda"
1,"Panarthropoda"
1,"Panarthropoda"
1,"Panarthropoda"
1,"Panarthropoda"
8,"Panarthropoda"
2,"Panarthropoda"
1,"Panarthropoda"
1,"Panarthropoda"
1,"Panarthropoda"
1,"Panarthropoda"
1,"Panarthropoda"
3,"Panarthropoda"
1,"Panarthropoda"
1,"Panarthropoda"
2,"Panarthropoda"
2,"Panarthropoda"
3,"Panarthropoda"
2,"Panarthropoda"
2,"Panarthropoda"
4,"Panarthropoda"
2,"Panarthropoda"
1,"Panarthropoda"
1,"Panarthropoda"
1,"Panarthropoda"
1,"Panarthropoda"
2,"Panarthropoda"
1,"Panarthropoda"
2,"Panarthropoda"
7,"Panarthropoda"
6,"Panarthropoda"
2,"Panarthropoda"
1,"Panarthropoda"
5,"Panarthropoda"
1,"Panarthropoda"
2,"Panarthropoda"
2,"Panarthropoda"
2,"Panarthropoda"
3,"Panarthropoda"
1,"Panarthropoda"
1,"Panarthropoda"
1,"Panarthropoda"
1,"Panarthropoda"
10,"Panarthropoda"
1,"Panarthropoda"
1,"Panarthropoda"
6,"Panarthropoda"
2,"Panarthropoda"
1,"Panarthropoda"
2,"Panarthropoda"
1,"Panarthropoda"
1,"Panarthropoda"
1,"Panarthropoda"
1,"Panarthropoda"
3,"Panarthropoda"
8,"Panarthropoda"
5,"Panarthropoda"
2,"Panarthropoda"
1,"Panarthropoda"
1,"Panarthropoda"
7,"Panarthropoda"
1,"Panarthropoda"
1,"Panarthropoda"
4,"Panarthropoda"
1,"Panarthropoda"
2,"Panarthropoda"
1,"Panarthropoda"
2,"Panarthropoda"
1,"Panarthropoda"
1,"Panarthropoda"
1,"Panarthropoda"
2,"Panarthropoda"
1,"Panarthropoda"
1,"Panarthropoda"
1,"Panarthropoda"
1,"Panarthropoda"
1,"Panarthropoda"
1,"Panarthropoda"
1,"Panarthropoda"
1,"Panarthropoda"
1,"Panarthropoda"
2,"Panarthropoda"
6,"Serpentes"
1,"Serpentes"
2,"Serpentes"
3,"Serpentes"
2,"Serpentes"
5,"Serpentes"
2,"Serpentes"
3,"Serpentes"
4,"Serpentes"
4,"Serpentes"
3,"Serpentes"
3,"Serpentes"
3,"Serpentes"
4,"Serpentes"
1,"Serpentes"
1,"Serpentes"
1,"Serpentes"
3,"Serpentes"
1,"Serpentes"
4,"Serpentes"
3,"Serpentes"
1,"Serpentes"
1,"Serpentes"
1,"Serpentes"
4,"Serpentes"
1,"Serpentes"
1,"Serpentes"
3,"Serpentes"
2,"Serpentes"
2,"Serpentes"
1,"Serpentes"
1,"Serpentes"
6,"Serpentes"
3,"Serpentes"
1,"Serpentes"
2,"Serpentes"
3,"Serpentes"
1,"Serpentes"
1,"Serpentes"
4,"Serpentes"
1,"Serpentes"
2,"Serpentes"
1,"Serpentes"
1,"Serpentes"
1,"Serpentes"
6,"Serpentes"
4,"Serpentes"
4,"Serpentes"
8,"Serpentes"
1,"Serpentes"
3,"Serpentes"
2,"Serpentes"
5,"Serpentes"
1,"Serpentes"
1,"Serpentes"
2,"Serpentes"
1,"Serpentes"
6,"Serpentes"
1,"Serpentes"
5,"Serpentes"
2,"Serpentes"
1,"Serpentes"
1,"Serpentes"
4,"Serpentes"
1,"Serpentes"
2,"Serpentes"
1,"Serpentes"
1,"Serpentes"
5,"Serpentes"
2,"Serpentes"
3,"Serpentes"
3,"Serpentes"
3,"Serpentes"
1,"Serpentes"
1,"Serpentes"
2,"Serpentes"
1,"Serpentes"
1,"Serpentes"
1,"Serpentes"
4,"Serpentes"
1,"Serpentes"
2,"Serpentes"
1,"Serpentes"
1,"Serpentes"
4,"Serpentes"
2,"Serpentes"
1,"Serpentes"
3,"Serpentes"
3,"Serpentes"
1,"Serpentes"
4,"Serpentes"
1,"Serpentes"
0,"Serpentes"
1,"Serpentes"
8,"Serpentes"
2,"Serpentes"
1,"Serpentes"
5,"Serpentes"
3,"Serpentes"
2,"Serpentes"
1,"Serpentes"
1,"Serpentes"
2,"Serpentes"
1,"Serpentes"
1,"Serpentes"
1,"Serpentes"
3,"Serpentes"
5,"Serpentes"
5,"Serpentes"
1,"Serpentes"
1,"Serpentes"
3,"Serpentes"
3,"Serpentes"
1,"Serpentes"
2,"Serpentes"
1,"Serpentes"
1,"Serpentes"
2,"Serpentes"
3,"Serpentes"
1,"Serpentes"
1,"Serpentes"
3,"Serpentes"
2,"Serpentes"
5,"Serpentes"
2,"Serpentes"
1,"Serpentes"
4,"Serpentes"
3,"Serpentes"
4,"Serpentes"
1,"Serpentes"
8,"Serpentes"
3,"Serpentes"
1,"Serpentes"
9,"Serpentes"
2,"Serpentes"
1,"Serpentes"
2,"Serpentes"
3,"Serpentes"
3,"Serpentes"
2,"Serpentes"
2,"Serpentes"
2,"Serpentes"
1,"Serpentes"
7,"Serpentes"
3,"Serpentes"
2,"Serpentes"
3,"Serpentes"
3,"Serpentes"
1,"Serpentes"
1,"Serpentes"
1,"Serpentes"
1,"Serpentes"
1,"Serpentes"
1,"Serpentes"
2,"Serpentes"
1,"Serpentes"
3,"Serpentes"
1,"Serpentes"
10,"Serpentes"
3,"Serpentes"
2,"Serpentes"
4,"Serpentes"
2,"Serpentes"
9,"Serpentes"
1,"Serpentes"
5,"Serpentes"
3,"Serpentes"
1,"Serpentes"
3,"Serpentes"
2,"Serpentes"
1,"Serpentes"
1,"Serpentes"
2,"Serpentes"
1,"Serpentes"
4,"Serpentes"
13,"Serpentes"
3,"Serpentes"
7,"Serpentes"
2,"Serpentes"
2,"Serpentes"
1,"Serpentes"
3,"Serpentes"
1,"Serpentes"
1,"Serpentes"
7,"Serpentes"
2,"Serpentes"
1,"Serpentes"
2,"Serpentes"
1,"Serpentes"
1,"Serpentes"
2,"Serpentes"
2,"Serpentes"
3,"Serpentes"
4,"Serpentes"
1,"Serpentes"
1,"Serpentes"
2,"Serpentes"
1,"Serpentes"
2,"Serpentes"
1,"Serpentes"
3,"Serpentes"
1,"Serpentes"
7,"Serpentes"
1,"Serpentes"
1,"Serpentes"
1,"Serpentes"
2,"Serpentes"
4,"Serpentes"
3,"Serpentes"
2,"Serpentes"
6,"Serpentes"
2,"Serpentes"
4,"Serpentes"
3,"Serpentes"
1,"Serpentes"
2,"Serpentes"
1,"Serpentes"
2,"Serpentes"
4,"Serpentes"
1,"Serpentes"
4,"Serpentes"
3,"Serpentes"
1,"Serpentes"
2,"Serpentes"
1,"Serpentes"
1,"Serpentes"
1,"Serpentes"
1,"Serpentes"
2,"Serpentes"
3,"Serpentes"
1,"Serpentes"
2,"Serpentes"
5,"Serpentes"
1,"Serpentes"
1,"Serpentes"
2,"Serpentes"
3,"Serpentes"
2,"Serpentes"
3,"Serpentes"
1,"Serpentes"
1,"Serpentes"
2,"Serpentes"
2,"Serpentes"
1,"Serpentes"
1,"Serpentes"
1,"Serpentes"
1,"Serpentes"
2,"Serpentes"
1,"Serpentes"
1,"Serpentes"
2,"Serpentes"
1,"Serpentes"
2,"Serpentes"
2,"Serpentes"
2,"Serpentes"
1,"Serpentes"
1,"Serpentes"
1,"Serpentes"
4,"Serpentes"
1,"Serpentes"
2,"Serpentes"
3,"Serpentes"
1,"Serpentes"
1,"Serpentes"
4,"Serpentes"
3,"Serpentes"
1,"Serpentes"
4,"Serpentes"
4,"Serpentes"
1,"Serpentes"
1,"Serpentes"
2,"Serpentes"
1,"Serpentes"
1,"Serpentes"
2,"Serpentes"
1,"Serpentes"
2,"Serpentes"
2,"Serpentes"
1,"Serpentes"
1,"Serpentes"
1,"Serpentes"
1,"Serpentes"
2,"Serpentes"
1,"Serpentes"
2,"Serpentes"
1,"Serpentes"
5,"Serpentes"
2,"Serpentes"
1,"Serpentes"
1,"Serpentes"
1,"Serpentes"
1,"Serpentes"
1,"Serpentes"
2,"Serpentes"
1,"Serpentes"
2,"Serpentes"
3,"Serpentes"
2,"Serpentes"
2,"Serpentes"
1,"Serpentes"
1,"Serpentes"
1,"Serpentes"
1,"Serpentes"
2,"Serpentes"
2,"Serpentes"
2,"Serpentes"
1,"Serpentes"
2,"Serpentes"
2,"Serpentes"
2,"Serpentes"
1,"Serpentes"
1,"Serpentes"
1,"Serpentes"
2,"Serpentes"
2,"Serpentes"
1,"Serpentes"
1,"Serpentes"
1,"Serpentes"
1,"Serpentes"
3,"Serpentes"
6,"Serpentes"
3,"Serpentes"
4,"Serpentes"
1,"Serpentes"
5,"Serpentes"
1,"Serpentes"
2,"Serpentes"
2,"Serpentes"
1,"Serpentes"
6,"Serpentes"
5,"Serpentes"
2,"Serpentes"
1,"Serpentes"
2,"Serpentes"
3,"Serpentes"
9,"Serpentes"
7,"Serpentes"
6,"Serpentes"
1,"Serpentes"
1,"Serpentes"
5,"Serpentes"
2,"Serpentes"
2,"Serpentes"
1,"Serpentes"
1,"Serpentes"
0,"Serpentes"
0,"Serpentes"
1,"Serpentes"
5,"Serpentes"
1,"Serpentes"
8,"Serpentes"
6,"Serpentes"
1,"Serpentes"
3,"Serpentes"
2,"Serpentes"
3,"Serpentes"
1,"Serpentes"
3,"Serpentes"
3,"Serpentes"
1,"Serpentes"
4,"Serpentes"
1,"Serpentes"
3,"Serpentes"
3,"Serpentes"
2,"Serpentes"
1,"Serpentes"
4,"Serpentes"
4,"Serpentes"
2,"Serpentes"
1,"Serpentes"
1,"Serpentes"
2,"Serpentes"
2,"Serpentes"
6,"Serpentes"
1,"Serpentes"
3,"Serpentes"
2,"Serpentes"
1,"Serpentes"
1,"Serpentes"
4,"Serpentes"
1,"Serpentes"
3,"Serpentes"
1,"Serpentes"
1,"Serpentes"
1,"Serpentes"
0,"Serpentes"
1,"Serpentes"
3,"Serpentes"
1,"Serpentes"
2,"Serpentes"
1,"Serpentes"
5,"Serpentes"
1,"Serpentes"
6,"Serpentes"
5,"Serpentes"
1,"Serpentes"
2,"Serpentes"
5,"Serpentes"
1,"Serpentes"
3,"Serpentes"
3,"Serpentes"
1,"Serpentes"
4,"Serpentes"
2,"Serpentes"
3,"Serpentes"
1,"Serpentes"
1,"Serpentes"
2,"Serpentes"
2,"Serpentes"
2,"Serpentes"
4,"Serpentes"
1,"Serpentes"
1,"Serpentes"
1,"Serpentes"
2,"Serpentes"
2,"Serpentes"
1,"Serpentes"
2,"Serpentes"
6,"Serpentes"
4,"Serpentes"
10,"Serpentes"
7,"Serpentes"
3,"Serpentes"
1,"Serpentes"
1,"Serpentes"
1,"Serpentes"
2,"Serpentes"
1,"Serpentes"
2,"Serpentes"
1,"Serpentes"
1,"Serpentes"
2,"Serpentes"
3,"Serpentes"
1,"Serpentes"
5,"Serpentes"
6,"Serpentes"
4,"Serpentes"
5,"Serpentes"
3,"Serpentes"
4,"Serpentes"
2,"Serpentes"
3,"Serpentes"
8,"Serpentes"
2,"Serpentes"
2,"Serpentes"
5,"Serpentes"
5,"Serpentes"
2,"Serpentes"
1,"Serpentes"
2,"Serpentes"
2,"Serpentes"
1,"Serpentes"
1,"Serpentes"
1,"Serpentes"
2,"Serpentes"
4,"Testudines"
2,"Testudines"
3,"Testudines"
5,"Testudines"
3,"Testudines"
2,"Testudines"
1,"Testudines"
3,"Testudines"
1,"Testudines"
2,"Testudines"
1,"Testudines"
1,"Testudines"
4,"Testudines"
1,"Testudines"
3,"Testudines"
1,"Testudines"
1,"Testudines"
6,"Testudines"
3,"Testudines"
2,"Testudines"
5,"Testudines"
2,"Testudines"
1,"Testudines"
3,"Testudines"
5,"Testudines"
3,"Testudines"
2,"Testudines"
1,"Testudines"
1,"Testudines"
2,"Testudines"
6,"Testudines"
10,"Testudines"
1,"Testudines"
10,"Testudines"
9,"Testudines"
7,"Testudines"
4,"Testudines"
10,"Testudines"
3,"Testudines"
5,"Testudines"
4,"Testudines"
8,"Testudines"
11,"Testudines"
2,"Testudines"
2,"Testudines"
11,"Testudines"
3,"Testudines"
3,"Testudines"
3,"Testudines"
4,"Testudines"
6,"Testudines"
4,"Testudines"
4,"Testudines"
3,"Testudines"
3,"Testudines"
0,"Testudines"
1,"Testudines"
4,"Testudines"
1,"Testudines"
2,"Testudines"
1,"Testudines"
1,"Testudines"
3,"Testudines"
1,"Testudines"
2,"Testudines"
2,"Testudines"
7,"Testudines"
2,"Testudines"
2,"Testudines"
1,"Testudines"
4,"Testudines"
3,"Testudines"
3,"Testudines"
1,"Testudines"
2,"Testudines"
5,"Testudines"
4,"Testudines"
1,"Testudines"
3,"Testudines"
4,"Testudines"
3,"Testudines"
3,"Testudines"
5,"Testudines"
9,"Testudines"
2,"Testudines"
2,"Testudines"
3,"Testudines"
6,"Testudines"
1,"Testudines"
1,"Testudines"
4,"Testudines"
2,"Testudines"
1,"Testudines"
1,"Testudines"
5,"Testudines"
1,"Testudines"
1,"Testudines"
1,"Testudines"
1,"Testudines"
4,"Testudines"
4,"Testudines"
3,"Testudines"
3,"Testudines"
1,"Testudines"
4,"Testudines"
6,"Testudines"
5,"Testudines"
3,"Testudines"
2,"Testudines"
4,"Testudines"
4,"Testudines"
2,"Testudines"
1,"Testudines"
1,"Testudines"
6,"Testudines"
6,"Testudines"
3,"Testudines"
4,"Testudines"
3,"Testudines"
4,"Testudines"
1,"Testudines"
1,"Testudines"
3,"Testudines"
2,"Testudines"
8,"Testudines"
5,"Testudines"
3,"Testudines"
5,"Testudines"
3,"Testudines"
7,"Testudines"
3,"Testudines"
7,"Testudines"
4,"Testudines"
1,"Testudines"
4,"Testudines"
7,"Testudines"
5,"Testudines"
6,"Testudines"
3,"Testudines"
1,"Testudines"
4,"Testudines"
2,"Testudines"
2,"Testudines"
6,"Testudines"
5,"Testudines"
11,"Testudines"
5,"Testudines"
5,"Testudines"
10,"Testudines"
2,"Testudines"
3,"Testudines"
2,"Testudines"
4,"Testudines"
1,"Testudines"
5,"Testudines"
4,"Testudines"
5,"Testudines"
2,"Testudines"
3,"Testudines"
3,"Testudines"
5,"Testudines"
5,"Testudines"
8,"Testudines"
2,"Testudines"
2,"Testudines"
1,"Testudines"
5,"Testudines"
3,"Testudines"
5,"Testudines"
9,"Testudines"
0,"Testudines"
4,"Testudines"
2,"Testudines"
4,"Testudines"
5,"Testudines"
2,"Testudines"
3,"Testudines"
2,"Trilobita"
1,"Trilobita"
1,"Trilobita"
1,"Trilobita"
12,"Trilobita"
2,"Trilobita"
1,"Trilobita"
9,"Trilobita"
2,"Trilobita"
2,"Trilobita"
1,"Trilobita"
2,"Trilobita"
3,"Trilobita"
1,"Trilobita"
1,"Trilobita"
1,"Trilobita"
1,"Trilobita"
1,"Trilobita"
21,"Trilobita"
9,"Trilobita"
2,"Trilobita"
1,"Trilobita"
1,"Trilobita"
3,"Trilobita"
1,"Trilobita"
1,"Trilobita"
3,"Trilobita"
1,"Trilobita"
5,"Trilobita"
3,"Trilobita"
6,"Trilobita"
1,"Trilobita"
10,"Trilobita"
2,"Trilobita"
4,"Trilobita"
3,"Trilobita"
1,"Trilobita"
3,"Trilobita"
10,"Trilobita"
1,"Trilobita"
3,"Trilobita"
1,"Trilobita"
1,"Trilobita"
1,"Trilobita"
8,"Trilobita"
4,"Trilobita"
1,"Trilobita"
5,"Trilobita"
1,"Trilobita"
2,"Trilobita"
2,"Trilobita"
1,"Trilobita"
7,"Trilobita"
1,"Trilobita"
1,"Trilobita"
9,"Trilobita"
4,"Trilobita"
3,"Trilobita"
7,"Trilobita"
1,"Trilobita"
1,"Trilobita"
11,"Trilobita"
2,"Trilobita"
1,"Trilobita"
1,"Trilobita"
5,"Trilobita"
1,"Trilobita"
2,"Trilobita"
1,"Trilobita"
5,"Trilobita"
1,"Trilobita"
7,"Trilobita"
1,"Trilobita"
1,"Trilobita"
1,"Trilobita"
1,"Trilobita"
6,"Trilobita"
2,"Trilobita"
2,"Trilobita"
